file,lines,methods,providers,assertions,density,phpdoc_ep,phpdoc_sub,classification
app/AgeTest.php,160,11,0,44,4.00,0,0,EP-complete
app/AuthTest.php,31,1,0,1,1.00,0,0,Stub
app/CacheTest.php,31,1,0,1,1.00,0,0,Stub
app/Census/CensusColumnAgeFemale5YearsTest.php,112,6,0,6,1.00,0,0,Substantial
app/Census/CensusColumnAgeFemaleTest.php,84,4,0,4,1.00,0,0,Substantial
app/Census/CensusColumnAgeMale5YearsTest.php,112,6,0,6,1.00,0,0,Substantial
app/Census/CensusColumnAgeMaleTest.php,84,4,0,4,1.00,0,0,Substantial
app/Census/CensusColumnAgeMarriedTest.php,98,4,0,4,1.00,0,0,Substantial
app/Census/CensusColumnAgeNextBirthDayTest.php,43,1,0,1,1.00,0,0,Stub
app/Census/CensusColumnAgeTest.php,43,1,0,1,1.00,0,0,Stub
app/Census/CensusColumnBirthDateTest.php,43,1,0,1,1.00,0,0,Stub
app/Census/CensusColumnBirthDayDotMonthYearTest.php,43,1,0,1,1.00,0,0,Stub
app/Census/CensusColumnBirthDayMonthYearTest.php,43,1,0,1,1.00,0,0,Stub
app/Census/CensusColumnBirthDaySlashMonthTest.php,43,1,0,1,1.00,0,0,Stub
app/Census/CensusColumnBirthDaySlashMonthYearTest.php,43,1,0,1,1.00,0,0,Stub
app/Census/CensusColumnBirthDayTest.php,50,1,0,1,1.00,0,0,Stub
app/Census/CensusColumnBirthMonthDayTest.php,43,1,0,1,1.00,0,0,Stub
app/Census/CensusColumnBirthMonthTest.php,50,1,0,1,1.00,0,0,Stub
app/Census/CensusColumnBirthPlaceSimpleTest.php,90,4,0,4,1.00,0,0,Substantial
app/Census/CensusColumnBirthPlaceTest.php,77,3,0,3,1.00,0,0,Substantial
app/Census/CensusColumnBirthYearTest.php,50,1,0,1,1.00,0,0,Stub
app/Census/CensusColumnBornForeignPartsTest.php,341,23,0,23,1.00,0,0,Smoke
app/Census/CensusColumnChildrenBornAliveTest.php,87,2,0,2,1.00,0,0,Smoke
app/Census/CensusColumnChildrenDiedTest.php,82,2,0,2,1.00,0,0,Smoke
app/Census/CensusColumnChildrenLivingTest.php,87,2,0,2,1.00,0,0,Smoke
app/Census/CensusColumnConditionCanadaMarriedSingleTest.php,346,14,0,14,1.00,0,0,Substantial
app/Census/CensusColumnConditionCanadaMarriedWidowedTest.php,346,14,0,14,1.00,0,0,Substantial
app/Census/CensusColumnConditionCanadaTest.php,346,14,0,14,1.00,0,0,Substantial
app/Census/CensusColumnConditionCanadaWidowedFemaleTest.php,346,14,0,14,1.00,0,0,Substantial
app/Census/CensusColumnConditionCanadaWidowedMaleTest.php,346,14,0,14,1.00,0,0,Substantial
app/Census/CensusColumnConditionCanadaWidowedTest.php,346,14,0,14,1.00,0,0,Substantial
app/Census/CensusColumnConditionDanishTest.php,289,12,0,12,1.00,0,0,Substantial
app/Census/CensusColumnConditionEnglishTest.php,289,12,0,12,1.00,0,0,Substantial
app/Census/CensusColumnConditionFrenchFemmeTest.php,289,12,0,12,1.00,0,0,Substantial
app/Census/CensusColumnConditionFrenchFilleTest.php,289,12,0,12,1.00,0,0,Substantial
app/Census/CensusColumnConditionFrenchGarconTest.php,289,12,0,12,1.00,0,0,Substantial
app/Census/CensusColumnConditionFrenchHommeTest.php,289,12,0,12,1.00,0,0,Substantial
app/Census/CensusColumnConditionFrenchVeufTest.php,289,12,0,12,1.00,0,0,Substantial
app/Census/CensusColumnConditionFrenchVeuveTest.php,293,12,0,12,1.00,0,0,Substantial
app/Census/CensusColumnConditionUsTest.php,346,14,0,14,1.00,0,0,Substantial
app/Census/CensusColumnFatherBirthPlaceSimpleTest.php,62,1,0,1,1.00,0,0,Stub
app/Census/CensusColumnFatherBirthPlaceTest.php,110,4,0,4,1.00,0,0,Substantial
app/Census/CensusColumnFatherForeignTest.php,107,4,0,4,1.00,0,0,Substantial
app/Census/CensusColumnFullNameTest.php,83,1,0,2,2.00,0,0,Stub
app/Census/CensusColumnGivenNameInitialTest.php,65,3,0,3,1.00,0,0,Substantial
app/Census/CensusColumnGivenNamesTest.php,53,2,0,2,1.00,0,0,Smoke
app/Census/CensusColumnMarriedWithinYearTest.php,119,5,0,5,1.00,0,0,Substantial
app/Census/CensusColumnMonthIfBornWithinYearTest.php,82,4,0,4,1.00,0,0,Substantial
app/Census/CensusColumnMonthIfMarriedWithinYearTest.php,119,5,0,5,1.00,0,0,Substantial
app/Census/CensusColumnMotherBirthPlaceSimpleTest.php,62,1,0,1,1.00,0,0,Stub
app/Census/CensusColumnMotherBirthPlaceTest.php,110,4,0,4,1.00,0,0,Substantial
app/Census/CensusColumnMotherForeignTest.php,107,4,0,4,1.00,0,0,Substantial
app/Census/CensusColumnNationalityTest.php,115,4,0,4,1.00,0,0,Substantial
app/Census/CensusColumnNullTest.php,40,1,0,1,1.00,0,0,Stub
app/Census/CensusColumnOccupationTest.php,58,2,0,2,1.00,0,0,Smoke
app/Census/CensusColumnRelationToHeadEnglishTest.php,41,1,0,1,1.00,0,0,Stub
app/Census/CensusColumnRelationToHeadGermanTest.php,41,1,0,1,1.00,0,0,Stub
app/Census/CensusColumnRelationToHeadTest.php,50,1,0,2,2.00,0,0,Stub
app/Census/CensusColumnReligionTest.php,82,3,0,3,1.00,0,0,Substantial
app/Census/CensusColumnSexFTest.php,65,3,0,3,1.00,0,0,Substantial
app/Census/CensusColumnSexMFTest.php,65,3,0,3,1.00,0,0,Substantial
app/Census/CensusColumnSexMKTest.php,65,3,0,3,1.00,0,0,Substantial
app/Census/CensusColumnSexMTest.php,65,3,0,3,1.00,0,0,Substantial
app/Census/CensusColumnSexMZTest.php,66,3,0,3,1.00,0,0,Substantial
app/Census/CensusColumnSurnameGivenNameInitialTest.php,68,2,0,2,1.00,0,0,Smoke
app/Census/CensusColumnSurnameGivenNamesTest.php,87,3,0,3,1.00,0,0,Substantial
app/Census/CensusColumnSurnameTest.php,53,2,0,2,1.00,0,0,Smoke
app/Census/CensusColumnYearsMarriedTest.php,119,5,0,5,1.00,0,0,Substantial
app/Census/CensusOfCanada1851Test.php,79,2,0,36,18.00,0,0,Smoke
app/Census/CensusOfCanada1861Test.php,79,2,0,36,18.00,0,0,Smoke
app/Census/CensusOfCanada1871Test.php,88,2,0,45,22.50,0,0,Smoke
app/Census/CensusOfCanada1881Test.php,88,2,0,45,22.50,0,0,Smoke
app/Census/CensusOfCanada1891Test.php,106,2,0,63,31.50,0,0,Smoke
app/Census/CensusOfCanada1901Test.php,136,2,0,93,46.50,0,0,Smoke
app/Census/CensusOfCanada1911Test.php,151,2,0,108,54.00,0,0,Smoke
app/Census/CensusOfCanada1921Test.php,143,2,0,99,49.50,0,0,Smoke
app/Census/CensusOfCanada1931Test.php,160,2,0,117,58.50,0,0,Smoke
app/Census/CensusOfCanadaPraries1916Test.php,101,2,0,58,29.00,0,0,Smoke
app/Census/CensusOfCanadaPraries1926Test.php,100,2,0,57,28.50,0,0,Smoke
app/Census/CensusOfCanadaTest.php,61,3,0,14,4.67,0,0,Substantial
app/Census/CensusOfCzechRepublic1880Test.php,85,2,0,42,21.00,0,0,Smoke
app/Census/CensusOfCzechRepublic1890Test.php,85,2,0,42,21.00,0,0,Smoke
app/Census/CensusOfCzechRepublic1900Test.php,88,2,0,45,22.50,0,0,Smoke
app/Census/CensusOfCzechRepublic1910Test.php,88,2,0,45,22.50,0,0,Smoke
app/Census/CensusOfCzechRepublic1921Test.php,106,2,0,63,31.50,0,0,Smoke
app/Census/CensusOfCzechRepublicTest.php,55,3,0,8,2.67,0,0,Substantial
app/Census/CensusOfDenmark1787Test.php,61,2,0,18,9.00,0,0,Smoke
app/Census/CensusOfDenmark1801Test.php,61,2,0,18,9.00,0,0,Smoke
app/Census/CensusOfDenmark1803Test.php,61,2,0,18,9.00,0,0,Smoke
app/Census/CensusOfDenmark1834Test.php,58,2,0,15,7.50,0,0,Smoke
app/Census/CensusOfDenmark1835Test.php,58,2,0,15,7.50,0,0,Smoke
app/Census/CensusOfDenmark1840Test.php,58,2,0,15,7.50,0,0,Smoke
app/Census/CensusOfDenmark1845Test.php,67,2,0,24,12.00,0,0,Smoke
app/Census/CensusOfDenmark1850Test.php,76,2,0,33,16.50,0,0,Smoke
app/Census/CensusOfDenmark1855Test.php,76,2,0,33,16.50,0,0,Smoke
app/Census/CensusOfDenmark1860Test.php,82,2,0,39,19.50,0,0,Smoke
app/Census/CensusOfDenmark1870Test.php,88,2,0,45,22.50,0,0,Smoke
app/Census/CensusOfDenmark1880Test.php,85,2,0,42,21.00,0,0,Smoke
app/Census/CensusOfDenmark1885Test.php,85,2,0,42,21.00,0,0,Smoke
app/Census/CensusOfDenmark1890Test.php,91,2,0,48,24.00,0,0,Smoke
app/Census/CensusOfDenmark1901Test.php,97,2,0,54,27.00,0,0,Smoke
app/Census/CensusOfDenmark1906Test.php,88,2,0,45,22.50,0,0,Smoke
app/Census/CensusOfDenmark1911Test.php,91,2,0,48,24.00,0,0,Smoke
app/Census/CensusOfDenmark1916Test.php,82,2,0,39,19.50,0,0,Smoke
app/Census/CensusOfDenmark1921Test.php,88,2,0,45,22.50,0,0,Smoke
app/Census/CensusOfDenmark1925Test.php,79,2,0,36,18.00,0,0,Smoke
app/Census/CensusOfDenmark1930Test.php,100,2,0,57,28.50,0,0,Smoke
app/Census/CensusOfDenmark1940Test.php,91,2,0,48,24.00,0,0,Smoke
app/Census/CensusOfDenmarkTest.php,72,3,0,25,8.33,0,0,Substantial
app/Census/CensusOfDeutschland1819Test.php,85,2,0,42,21.00,0,0,Smoke
app/Census/CensusOfDeutschland1867Test.php,115,2,0,72,36.00,0,0,Smoke
app/Census/CensusOfDeutschland1900Test.php,127,2,0,84,42.00,0,0,Smoke
app/Census/CensusOfDeutschland1919Test.php,97,2,0,54,27.00,0,0,Smoke
app/Census/CensusOfDeutschlandNL1867Test.php,100,2,0,57,28.50,0,0,Smoke
app/Census/CensusOfDeutschlandTest.php,55,3,0,8,2.67,0,0,Substantial
app/Census/CensusOfEngland1841Test.php,64,2,0,21,10.50,0,0,Smoke
app/Census/CensusOfEngland1851Test.php,70,2,0,27,13.50,0,0,Smoke
app/Census/CensusOfEngland1861Test.php,70,2,0,27,13.50,0,0,Smoke
app/Census/CensusOfEngland1871Test.php,70,2,0,27,13.50,0,0,Smoke
app/Census/CensusOfEngland1881Test.php,70,2,0,27,13.50,0,0,Smoke
app/Census/CensusOfEngland1891Test.php,79,2,0,36,18.00,0,0,Smoke
app/Census/CensusOfEngland1901Test.php,76,2,0,33,16.50,0,0,Smoke
app/Census/CensusOfEngland1911Test.php,94,2,0,51,25.50,0,0,Smoke
app/Census/CensusOfEnglandTest.php,59,3,0,12,4.00,0,0,Substantial
app/Census/CensusOfFrance1831Test.php,76,2,0,33,16.50,0,0,Smoke
app/Census/CensusOfFrance1836Test.php,76,2,0,33,16.50,0,0,Smoke
app/Census/CensusOfFrance1841Test.php,73,2,0,30,15.00,0,0,Smoke
app/Census/CensusOfFrance1846Test.php,76,2,0,33,16.50,0,0,Smoke
app/Census/CensusOfFrance1851Test.php,84,2,0,41,20.50,0,0,Smoke
app/Census/CensusOfFrance1856Test.php,76,2,0,33,16.50,0,0,Smoke
app/Census/CensusOfFrance1861Test.php,76,2,0,33,16.50,0,0,Smoke
app/Census/CensusOfFrance1866Test.php,76,2,0,33,16.50,0,0,Smoke
app/Census/CensusOfFrance1872Test.php,79,2,0,36,18.00,0,0,Smoke
app/Census/CensusOfFrance1876Test.php,79,2,0,36,18.00,0,0,Smoke
app/Census/CensusOfFrance1881Test.php,61,2,0,18,9.00,0,0,Smoke
app/Census/CensusOfFrance1886Test.php,64,2,0,21,10.50,0,0,Smoke
app/Census/CensusOfFrance1891Test.php,64,2,0,21,10.50,0,0,Smoke
app/Census/CensusOfFrance1896Test.php,64,2,0,21,10.50,0,0,Smoke
app/Census/CensusOfFrance1901Test.php,70,2,0,27,13.50,0,0,Smoke
app/Census/CensusOfFrance1906Test.php,70,2,0,27,13.50,0,0,Smoke
app/Census/CensusOfFrance1911Test.php,70,2,0,27,13.50,0,0,Smoke
app/Census/CensusOfFrance1921Test.php,70,2,0,27,13.50,0,0,Smoke
app/Census/CensusOfFrance1926Test.php,70,2,0,27,13.50,0,0,Smoke
app/Census/CensusOfFrance1931Test.php,70,2,0,27,13.50,0,0,Smoke
app/Census/CensusOfFrance1936Test.php,70,2,0,27,13.50,0,0,Smoke
app/Census/CensusOfFrance1946Test.php,64,2,0,21,10.50,0,0,Smoke
app/Census/CensusOfFranceTest.php,72,3,0,25,8.33,0,0,Substantial
app/Census/CensusOfRhodeIsland1905Test.php,129,2,0,87,43.50,0,0,Smoke
app/Census/CensusOfRhodeIsland1915Test.php,83,2,0,42,21.00,0,0,Smoke
app/Census/CensusOfRhodeIsland1925Test.php,66,2,0,24,12.00,0,0,Smoke
app/Census/CensusOfRhodeIslandTest.php,53,3,0,6,2.00,0,0,Substantial
app/Census/CensusOfScotland1841Test.php,64,2,0,21,10.50,0,0,Smoke
app/Census/CensusOfScotland1851Test.php,70,2,0,27,13.50,0,0,Smoke
app/Census/CensusOfScotland1861Test.php,73,2,0,30,15.00,0,0,Smoke
app/Census/CensusOfScotland1871Test.php,73,2,0,30,15.00,0,0,Smoke
app/Census/CensusOfScotland1881Test.php,70,2,0,27,13.50,0,0,Smoke
app/Census/CensusOfScotland1891Test.php,82,2,0,39,19.50,0,0,Smoke
app/Census/CensusOfScotland1901Test.php,79,2,0,36,18.00,0,0,Smoke
app/Census/CensusOfScotland1911Test.php,100,2,0,57,28.50,0,0,Smoke
app/Census/CensusOfScotlandTest.php,59,3,0,12,4.00,0,0,Substantial
app/Census/CensusOfSlovakia1869Test.php,106,2,0,63,31.50,0,0,Smoke
app/Census/CensusOfSlovakia1930Test.php,127,2,0,84,42.00,0,0,Smoke
app/Census/CensusOfSlovakia1940Test.php,112,2,0,69,34.50,0,0,Smoke
app/Census/CensusOfSlovakiaTest.php,53,3,0,6,2.00,0,0,Substantial
app/Census/CensusOfUnitedStates1790Test.php,70,2,0,27,13.50,0,0,Smoke
app/Census/CensusOfUnitedStates1800Test.php,88,2,0,45,22.50,0,0,Smoke
app/Census/CensusOfUnitedStates1810Test.php,88,2,0,45,22.50,0,0,Smoke
app/Census/CensusOfUnitedStates1820Test.php,142,2,0,99,49.50,0,0,Smoke
app/Census/CensusOfUnitedStates1830Test.php,199,2,0,156,78.00,0,0,Smoke
app/Census/CensusOfUnitedStates1840Test.php,163,2,0,120,60.00,0,0,Smoke
app/Census/CensusOfUnitedStates1850Test.php,79,2,0,36,18.00,0,0,Smoke
app/Census/CensusOfUnitedStates1860Test.php,82,2,0,39,19.50,0,0,Smoke
app/Census/CensusOfUnitedStates1870Test.php,100,2,0,57,28.50,0,0,Smoke
app/Census/CensusOfUnitedStates1880Test.php,115,2,0,72,36.00,0,0,Smoke
app/Census/CensusOfUnitedStates1890Test.php,118,2,0,75,37.50,0,0,Smoke
app/Census/CensusOfUnitedStates1900Test.php,124,2,0,81,40.50,0,0,Smoke
app/Census/CensusOfUnitedStates1910Test.php,133,2,0,90,45.00,0,0,Smoke
app/Census/CensusOfUnitedStates1920Test.php,118,2,0,75,37.50,0,0,Smoke
app/Census/CensusOfUnitedStates1930Test.php,130,2,0,87,43.50,0,0,Smoke
app/Census/CensusOfUnitedStates1940Test.php,139,2,0,96,48.00,0,0,Smoke
app/Census/CensusOfUnitedStates1950Test.php,109,2,0,66,33.00,0,0,Smoke
app/Census/CensusOfUnitedStatesTest.php,67,3,0,20,6.67,0,0,Substantial
app/Census/CensusOfWales1841Test.php,64,2,0,21,10.50,0,0,Smoke
app/Census/CensusOfWales1851Test.php,70,2,0,27,13.50,0,0,Smoke
app/Census/CensusOfWales1861Test.php,70,2,0,27,13.50,0,0,Smoke
app/Census/CensusOfWales1871Test.php,70,2,0,27,13.50,0,0,Smoke
app/Census/CensusOfWales1881Test.php,70,2,0,27,13.50,0,0,Smoke
app/Census/CensusOfWales1891Test.php,82,2,0,39,19.50,0,0,Smoke
app/Census/CensusOfWales1901Test.php,79,2,0,36,18.00,0,0,Smoke
app/Census/CensusOfWales1911Test.php,97,2,0,54,27.00,0,0,Smoke
app/Census/CensusOfWalesTest.php,59,3,0,12,4.00,0,0,Substantial
app/Census/CensusTest.php,207,10,0,120,12.00,0,0,EP-complete
app/Census/RegisterOfEngland1939Test.php,70,2,0,27,13.50,0,0,Smoke
app/Census/RegisterOfScotland1939Test.php,70,2,0,27,13.50,0,0,Smoke
app/Census/RegisterOfWales1939Test.php,70,2,0,27,13.50,0,0,Smoke
app/ColorGeneratorTest.php,31,1,0,1,1.00,0,0,Stub
app/CommonMark/CensusTableContinueParserTest.php,32,1,0,1,1.00,0,0,Stub
app/CommonMark/CensusTableExtensionTest.php,32,1,0,1,1.00,0,0,Stub
app/CommonMark/CensusTableStartParserTest.php,32,1,0,1,1.00,0,0,Stub
app/CommonMark/XrefExtensionTest.php,32,1,0,1,1.00,0,0,Stub
app/CommonMark/XrefNodeTest.php,32,1,0,1,1.00,0,0,Stub
app/CommonMark/XrefParserTest.php,32,1,0,1,1.00,0,0,Stub
app/CommonMark/XrefRendererTest.php,32,1,0,1,1.00,0,0,Stub
app/CustomTags/AldfaerTest.php,32,1,0,1,1.00,0,0,Stub
app/CustomTags/AncestryTest.php,32,1,0,1,1.00,0,0,Stub
app/CustomTags/BrothersKeeperTest.php,32,1,0,1,1.00,0,0,Stub
app/CustomTags/FamilySearchTest.php,32,1,0,1,1.00,0,0,Stub
app/CustomTags/FamilyTreeBuilderTest.php,32,1,0,1,1.00,0,0,Stub
app/CustomTags/FamilyTreeMakerTest.php,32,1,0,1,1.00,0,0,Stub
app/CustomTags/Gedcom7Test.php,32,1,0,1,1.00,0,0,Stub
app/CustomTags/GedcomLTest.php,32,1,0,1,1.00,0,0,Stub
app/CustomTags/GeneatiqueTest.php,32,1,0,1,1.00,0,0,Stub
app/CustomTags/GenPlusWinTest.php,32,1,0,1,1.00,0,0,Stub
app/CustomTags/HeredisTest.php,32,1,0,1,1.00,0,0,Stub
app/CustomTags/LegacyTest.php,32,1,0,1,1.00,0,0,Stub
app/CustomTags/MyHeritageTest.php,32,1,0,1,1.00,0,0,Stub
app/CustomTags/PersonalAncestralFileTest.php,32,1,0,1,1.00,0,0,Stub
app/CustomTags/PhpGedViewTest.php,32,1,0,1,1.00,0,0,Stub
app/CustomTags/ProGenTest.php,32,1,0,1,1.00,0,0,Stub
app/CustomTags/ReunionTest.php,32,1,0,1,1.00,0,0,Stub
app/CustomTags/RootsMagicTest.php,32,1,0,1,1.00,0,0,Stub
app/CustomTags/TheMasterGenealogistTest.php,32,1,0,1,1.00,0,0,Stub
app/CustomTags/TheNextGenerationTest.php,32,1,0,1,1.00,0,0,Stub
app/Date/AbstractCalendarDateTest.php,112,3,0,19,6.33,0,0,Substantial
app/Date/FrenchDateTest.php,32,1,0,1,1.00,0,0,Stub
app/Date/GregorianDateTest.php,33,1,0,1,1.00,0,0,Stub
app/Date/HijriDateTest.php,32,1,0,1,1.00,0,0,Stub
app/Date/JalaliDateTest.php,32,1,0,1,1.00,0,0,Stub
app/Date/JewishDateTest.php,32,1,0,1,1.00,0,0,Stub
app/Date/JulianDateTest.php,33,1,0,1,1.00,0,0,Stub
app/Date/RomanDateTest.php,32,1,0,1,1.00,0,0,Stub
app/DateTest.php,31,1,0,1,1.00,0,0,Stub
app/DefaultUserTest.php,63,2,0,8,4.00,0,0,Smoke
app/Elements/AbstractElementTestCase.php,91,7,0,8,1.14,0,0,Smoke
app/Elements/AddressCityTest.php,34,0,0,0,0.00,0,0,Stub
app/Elements/AddressCountryTest.php,34,0,0,0,0.00,0,0,Stub
app/Elements/AddressEmailTest.php,34,0,0,0,0.00,0,0,Stub
app/Elements/AddressFaxTest.php,34,0,0,0,0.00,0,0,Stub
app/Elements/AddressLine1Test.php,34,0,0,0,0.00,0,0,Stub
app/Elements/AddressLine2Test.php,34,0,0,0,0.00,0,0,Stub
app/Elements/AddressLine3Test.php,34,0,0,0,0.00,0,0,Stub
app/Elements/AddressLineTest.php,41,1,0,3,3.00,0,0,Stub
app/Elements/AddressPostalCodeTest.php,41,1,0,3,3.00,0,0,Stub
app/Elements/AddressStateTest.php,34,0,0,0,0.00,0,0,Stub
app/Elements/AddressWebPageTest.php,34,0,0,0,0.00,0,0,Stub
app/Elements/AdoptedByWhichParentTest.php,41,1,0,3,3.00,0,0,Stub
app/Elements/AdoptionTest.php,34,0,0,0,0.00,0,0,Stub
app/Elements/AdultChristeningTest.php,34,0,0,0,0.00,0,0,Stub
app/Elements/AgeAtEventTest.php,55,2,0,10,5.00,0,0,Smoke
app/Elements/AncestralFileNumberTest.php,42,1,0,3,3.00,0,0,Stub
app/Elements/AnnulmentTest.php,34,0,0,0,0.00,0,0,Stub
app/Elements/ApprovedSystemIdTest.php,34,0,0,0,0.00,0,0,Stub
app/Elements/AttributeDescriptorTest.php,34,0,0,0,0.00,0,0,Stub
app/Elements/AutomatedRecordIdTest.php,34,0,0,0,0.00,0,0,Stub
app/Elements/BaptismTest.php,34,0,0,0,0.00,0,0,Stub
app/Elements/BarMitzvahTest.php,34,0,0,0,0.00,0,0,Stub
app/Elements/BasMitzvahTest.php,34,0,0,0,0.00,0,0,Stub
app/Elements/BirthTest.php,34,0,0,0,0.00,0,0,Stub
app/Elements/BlessingTest.php,34,0,0,0,0.00,0,0,Stub
app/Elements/BurialTest.php,34,0,0,0,0.00,0,0,Stub
app/Elements/CasteNameTest.php,34,0,0,0,0.00,0,0,Stub
app/Elements/CauseOfEventTest.php,34,0,0,0,0.00,0,0,Stub
app/Elements/CensusTest.php,36,0,0,0,0.00,0,0,Stub
app/Elements/CertaintyAssessmentTest.php,34,0,0,0,0.00,0,0,Stub
app/Elements/ChangeDateTest.php,34,0,0,0,0.00,0,0,Stub
app/Elements/ChangeTest.php,34,0,0,0,0.00,0,0,Stub
app/Elements/CharacterSetTest.php,41,1,0,3,3.00,0,0,Stub
app/Elements/ChildLinkageStatusTest.php,41,1,0,3,3.00,0,0,Stub
app/Elements/ChristeningTest.php,34,0,0,0,0.00,0,0,Stub
app/Elements/ConfirmationTest.php,34,0,0,0,0.00,0,0,Stub
app/Elements/ContentDescriptionTest.php,41,1,0,3,3.00,0,0,Stub
app/Elements/CoordinatesTest.php,32,1,0,1,1.00,0,0,Stub
app/Elements/CopyrightFileTest.php,34,0,0,0,0.00,0,0,Stub
app/Elements/CopyrightSourceDataTest.php,34,0,0,0,0.00,0,0,Stub
app/Elements/CountOfChildrenFamTest.php,32,1,0,1,1.00,0,0,Stub
app/Elements/CountOfChildrenTest.php,34,0,0,0,0.00,0,0,Stub
app/Elements/CountOfMarriagesTest.php,34,0,0,0,0.00,0,0,Stub
app/Elements/CreationTest.php,32,1,0,1,1.00,0,0,Stub
app/Elements/CremationTest.php,34,0,0,0,0.00,0,0,Stub
app/Elements/CustomElementTest.php,34,0,0,0,0.00,0,0,Stub
app/Elements/CustomEventTest.php,34,0,0,0,0.00,0,0,Stub
app/Elements/CustomFactTest.php,34,0,0,0,0.00,0,0,Stub
app/Elements/CustomFamilyEventTest.php,32,1,0,1,1.00,0,0,Stub
app/Elements/CustomIndividualEventTest.php,32,1,0,1,1.00,0,0,Stub
app/Elements/DateLdsOrdTest.php,34,0,0,0,0.00,0,0,Stub
app/Elements/DateValueExactTest.php,32,1,0,1,1.00,0,0,Stub
app/Elements/DateValueTest.php,42,1,0,1,1.00,0,0,Stub
app/Elements/DateValueTodayTest.php,32,1,0,1,1.00,0,0,Stub
app/Elements/DeathTest.php,34,0,0,0,0.00,0,0,Stub
app/Elements/DemographicDataTypeTest.php,41,1,0,3,3.00,0,0,Stub
app/Elements/DescriptiveTitleTest.php,41,1,0,3,3.00,0,0,Stub
app/Elements/DivorceFiledTest.php,34,0,0,0,0.00,0,0,Stub
app/Elements/DivorceTest.php,34,0,0,0,0.00,0,0,Stub
app/Elements/EmigrationTest.php,34,0,0,0,0.00,0,0,Stub
app/Elements/EmptyElementTest.php,34,0,0,0,0.00,0,0,Stub
app/Elements/EngagementTest.php,34,0,0,0,0.00,0,0,Stub
app/Elements/EventAttributeTypeTest.php,34,0,0,0,0.00,0,0,Stub
app/Elements/EventOrFactClassificationTest.php,34,0,0,0,0.00,0,0,Stub
app/Elements/EventsRecordedTest.php,40,1,0,2,2.00,0,0,Stub
app/Elements/EventTypeCitedFromTest.php,34,0,0,0,0.00,0,0,Stub
app/Elements/ExternalIdentifierTest.php,32,1,0,1,1.00,0,0,Stub
app/Elements/ExternalIdentifierTypeTest.php,32,1,0,1,1.00,0,0,Stub
app/Elements/FamilyCensusTest.php,32,1,0,1,1.00,0,0,Stub
app/Elements/FamilyEventTest.php,32,1,0,1,1.00,0,0,Stub
app/Elements/FamilyFactTest.php,32,1,0,1,1.00,0,0,Stub
app/Elements/FamilyNonEventTest.php,32,1,0,1,1.00,0,0,Stub
app/Elements/FamilyRecordTest.php,34,0,0,0,0.00,0,0,Stub
app/Elements/FamilySearchFamilyTreeIdTest.php,42,1,0,3,3.00,0,0,Stub
app/Elements/FamilyStatusTextTest.php,34,0,0,0,0.00,0,0,Stub
app/Elements/FileNameTest.php,41,1,0,3,3.00,0,0,Stub
app/Elements/FirstCommunionTest.php,34,0,0,0,0.00,0,0,Stub
app/Elements/FormTest.php,41,1,0,3,3.00,0,0,Stub
app/Elements/GedcomElementTest.php,34,0,0,0,0.00,0,0,Stub
app/Elements/GenerationsOfAncestorsTest.php,34,0,0,0,0.00,0,0,Stub
app/Elements/GenerationsOfDescendantsTest.php,34,0,0,0,0.00,0,0,Stub
app/Elements/GovIdentifierTest.php,41,1,0,3,3.00,0,0,Stub
app/Elements/GovIdTypeTest.php,34,0,0,0,0.00,0,0,Stub
app/Elements/GraduationTest.php,34,0,0,0,0.00,0,0,Stub
app/Elements/HeaderRecordTest.php,34,0,0,0,0.00,0,0,Stub
app/Elements/HierarchicalRelationshipTest.php,41,1,0,3,3.00,0,0,Stub
app/Elements/ImmigrationTest.php,34,0,0,0,0.00,0,0,Stub
app/Elements/IndividualEventTest.php,32,1,0,1,1.00,0,0,Stub
app/Elements/IndividualFactTest.php,32,1,0,1,1.00,0,0,Stub
app/Elements/IndividualNonEventTest.php,32,1,0,1,1.00,0,0,Stub
app/Elements/IndividualRecordTest.php,34,0,0,0,0.00,0,0,Stub
app/Elements/LanguageIdTest.php,42,1,0,4,4.00,0,0,Stub
app/Elements/LdsBaptismDateStatusTest.php,41,1,0,3,3.00,0,0,Stub
app/Elements/LdsBaptismTest.php,34,0,0,0,0.00,0,0,Stub
app/Elements/LdsChildSealingDateStatusTest.php,41,1,0,3,3.00,0,0,Stub
app/Elements/LdsChildSealingTest.php,34,0,0,0,0.00,0,0,Stub
app/Elements/LdsConfirmationTest.php,34,0,0,0,0.00,0,0,Stub
app/Elements/LdsEndowmentDateStatusTest.php,41,1,0,3,3.00,0,0,Stub
app/Elements/LdsEndowmentTest.php,34,0,0,0,0.00,0,0,Stub
app/Elements/LdsInitiatoryTest.php,32,1,0,1,1.00,0,0,Stub
app/Elements/LdsOrdinanceStatusTest.php,32,1,0,1,1.00,0,0,Stub
app/Elements/LdsSpouseSealingDateStatusTest.php,41,1,0,3,3.00,0,0,Stub
app/Elements/LdsSpouseSealingTest.php,34,0,0,0,0.00,0,0,Stub
app/Elements/LocationRecordTest.php,34,0,0,0,0.00,0,0,Stub
app/Elements/MaidenheadLocatorTest.php,46,1,0,8,8.00,0,0,Stub
app/Elements/MarriageBannsTest.php,34,0,0,0,0.00,0,0,Stub
app/Elements/MarriageContractTest.php,34,0,0,0,0.00,0,0,Stub
app/Elements/MarriageLicenceTest.php,34,0,0,0,0.00,0,0,Stub
app/Elements/MarriageSettlementTest.php,34,0,0,0,0.00,0,0,Stub
app/Elements/MarriageTest.php,34,0,0,0,0.00,0,0,Stub
app/Elements/MarriageTypeTest.php,41,1,0,3,3.00,0,0,Stub
app/Elements/MediaRecordTest.php,34,0,0,0,0.00,0,0,Stub
app/Elements/MultimediaFileReferenceTest.php,41,1,0,3,3.00,0,0,Stub
app/Elements/MultimediaFormatTest.php,47,1,0,9,9.00,0,0,Stub
app/Elements/NameOfBusinessTest.php,34,0,0,0,0.00,0,0,Stub
app/Elements/NameOfFamilyFileTest.php,34,0,0,0,0.00,0,0,Stub
app/Elements/NameOfProductTest.php,34,0,0,0,0.00,0,0,Stub
app/Elements/NameOfRepositoryTest.php,34,0,0,0,0.00,0,0,Stub
app/Elements/NameOfSourceDataTest.php,34,0,0,0,0.00,0,0,Stub
app/Elements/NamePersonalTest.php,34,0,0,0,0.00,0,0,Stub
app/Elements/NamePhoneticVariationTest.php,34,0,0,0,0.00,0,0,Stub
app/Elements/NamePieceGivenTest.php,34,0,0,0,0.00,0,0,Stub
app/Elements/NamePieceNicknameTest.php,34,0,0,0,0.00,0,0,Stub
app/Elements/NamePiecePrefixTest.php,34,0,0,0,0.00,0,0,Stub
app/Elements/NamePieceSuffixTest.php,34,0,0,0,0.00,0,0,Stub
app/Elements/NamePieceSurnamePrefixTest.php,34,0,0,0,0.00,0,0,Stub
app/Elements/NamePieceSurnameTest.php,34,0,0,0,0.00,0,0,Stub
app/Elements/NameRomanizedVariationTest.php,34,0,0,0,0.00,0,0,Stub
app/Elements/NameTypeTest.php,41,1,0,3,3.00,0,0,Stub
app/Elements/NationalIdNumberTest.php,34,0,0,0,0.00,0,0,Stub
app/Elements/NationalOrTribalOriginTest.php,34,0,0,0,0.00,0,0,Stub
app/Elements/NaturalizationTest.php,34,0,0,0,0.00,0,0,Stub
app/Elements/NobilityTypeTitleTest.php,34,0,0,0,0.00,0,0,Stub
app/Elements/NoteRecordTest.php,34,0,0,0,0.00,0,0,Stub
app/Elements/NoteStructureTest.php,41,1,0,3,3.00,0,0,Stub
app/Elements/OccupationTest.php,34,0,0,0,0.00,0,0,Stub
app/Elements/OrdinanceProcessFlagTest.php,41,1,0,3,3.00,0,0,Stub
app/Elements/OrdinationTest.php,34,0,0,0,0.00,0,0,Stub
app/Elements/PafUidTest.php,42,1,0,1,1.00,0,0,Stub
app/Elements/PedigreeLinkageTypeTest.php,41,1,0,3,3.00,0,0,Stub
app/Elements/PermanentRecordFileNumberTest.php,34,0,0,0,0.00,0,0,Stub
app/Elements/PhoneNumberTest.php,34,0,0,0,0.00,0,0,Stub
app/Elements/PhoneticTypeTest.php,41,1,0,3,3.00,0,0,Stub
app/Elements/PhysicalDescriptionTest.php,34,0,0,0,0.00,0,0,Stub
app/Elements/PlaceHierarchyTest.php,40,1,0,2,2.00,0,0,Stub
app/Elements/PlaceLatitudeTest.php,34,0,0,0,0.00,0,0,Stub
app/Elements/PlaceLivingOrdinanceTest.php,34,0,0,0,0.00,0,0,Stub
app/Elements/PlaceLongtitudeTest.php,34,0,0,0,0.00,0,0,Stub
app/Elements/PlaceNameTest.php,34,0,0,0,0.00,0,0,Stub
app/Elements/PlacePhoneticVariationTest.php,34,0,0,0,0.00,0,0,Stub
app/Elements/PlaceRomanizedVariationTest.php,34,0,0,0,0.00,0,0,Stub
app/Elements/PossessionsTest.php,34,0,0,0,0.00,0,0,Stub
app/Elements/ProbateTest.php,34,0,0,0,0.00,0,0,Stub
app/Elements/PublicationDateTest.php,34,0,0,0,0.00,0,0,Stub
app/Elements/ReceivingSystemNameTest.php,34,0,0,0,0.00,0,0,Stub
app/Elements/RelationIsDescriptorTest.php,34,0,0,0,0.00,0,0,Stub
app/Elements/ReligiousAffiliationTest.php,34,0,0,0,0.00,0,0,Stub
app/Elements/RepositoryRecordTest.php,34,0,0,0,0.00,0,0,Stub
app/Elements/ResearchTaskPriorityTest.php,34,0,0,0,0.00,0,0,Stub
app/Elements/ResearchTaskStatusTest.php,34,0,0,0,0.00,0,0,Stub
app/Elements/ResearchTaskTest.php,41,1,0,3,3.00,0,0,Stub
app/Elements/ResearchTaskTypeTest.php,34,0,0,0,0.00,0,0,Stub
app/Elements/ResidenceTest.php,34,0,0,0,0.00,0,0,Stub
app/Elements/ResidenceWithValueTest.php,32,1,0,1,1.00,0,0,Stub
app/Elements/ResponsibleAgencyTest.php,34,0,0,0,0.00,0,0,Stub
app/Elements/RestrictionNoticeTest.php,45,1,0,7,7.00,0,0,Stub
app/Elements/RetirementTest.php,34,0,0,0,0.00,0,0,Stub
app/Elements/RoleInEventTest.php,42,1,0,4,4.00,0,0,Stub
app/Elements/RomanizedTypeTest.php,41,1,0,3,3.00,0,0,Stub
app/Elements/ScholasticAchievementTest.php,34,0,0,0,0.00,0,0,Stub
app/Elements/SexValueTest.php,41,1,0,3,3.00,0,0,Stub
app/Elements/SexXValueTest.php,41,1,0,3,3.00,0,0,Stub
app/Elements/SocialSecurityNumberTest.php,34,0,0,0,0.00,0,0,Stub
app/Elements/SourceCallNumberTest.php,34,0,0,0,0.00,0,0,Stub
app/Elements/SourceDataTest.php,34,0,0,0,0.00,0,0,Stub
app/Elements/SourceDescriptiveTitleTest.php,34,0,0,0,0.00,0,0,Stub
app/Elements/SourceFiledByEntryTest.php,34,0,0,0,0.00,0,0,Stub
app/Elements/SourceJurisdictionPlaceTest.php,34,0,0,0,0.00,0,0,Stub
app/Elements/SourceMediaTypeTest.php,41,1,0,3,3.00,0,0,Stub
app/Elements/SourceOriginatorTest.php,41,1,0,3,3.00,0,0,Stub
app/Elements/SourcePublicationFactsTest.php,41,1,0,3,3.00,0,0,Stub
app/Elements/SourceRecordTest.php,34,0,0,0,0.00,0,0,Stub
app/Elements/SubmissionRecordTest.php,34,0,0,0,0.00,0,0,Stub
app/Elements/SubmitterNameTest.php,34,0,0,0,0.00,0,0,Stub
app/Elements/SubmitterRecordTest.php,34,0,0,0,0.00,0,0,Stub
app/Elements/SubmitterRegisteredRfnTest.php,34,0,0,0,0.00,0,0,Stub
app/Elements/SubmitterTextTest.php,41,1,0,3,3.00,0,0,Stub
app/Elements/TempleCodeTest.php,41,1,0,3,3.00,0,0,Stub
app/Elements/TextFromSourceTest.php,41,1,0,3,3.00,0,0,Stub
app/Elements/TimeValueNowTest.php,32,1,0,1,1.00,0,0,Stub
app/Elements/TimeValueTest.php,34,0,0,0,0.00,0,0,Stub
app/Elements/TransmissionDateTest.php,34,0,0,0,0.00,0,0,Stub
app/Elements/UidTest.php,42,1,0,1,1.00,0,0,Stub
app/Elements/UnknownElementTest.php,34,0,0,0,0.00,0,0,Stub
app/Elements/UserReferenceNumberTest.php,34,0,0,0,0.00,0,0,Stub
app/Elements/UserReferenceTypeTest.php,34,0,0,0,0.00,0,0,Stub
app/Elements/VersionNumberTest.php,34,0,0,0,0.00,0,0,Stub
app/Elements/WebtreesUserTest.php,34,0,0,0,0.00,0,0,Stub
app/Elements/WhereWithinSourceTest.php,34,0,0,0,0.00,0,0,Stub
app/Elements/WillTest.php,34,0,0,0,0.00,0,0,Stub
app/Elements/XrefAssociateTest.php,32,1,0,1,1.00,0,0,Stub
app/Elements/XrefFamilyTest.php,126,5,0,6,1.20,0,0,Substantial
app/Elements/XrefIndividualTest.php,126,5,0,6,1.20,0,0,Substantial
app/Elements/XrefLocationTest.php,126,5,0,6,1.20,0,0,Substantial
app/Elements/XrefMediaTest.php,125,5,0,6,1.20,0,0,Substantial
app/Elements/XrefNoteTest.php,120,5,0,6,1.20,0,0,Substantial
app/Elements/XrefRepositoryTest.php,125,5,0,6,1.20,0,0,Substantial
app/Elements/XrefSharedNoteTest.php,120,5,0,6,1.20,0,0,Substantial
app/Elements/XrefSourceTest.php,155,7,0,8,1.14,0,0,Substantial
app/Elements/XrefSubmissionTest.php,125,5,0,6,1.20,0,0,Substantial
app/Elements/XrefSubmitterTest.php,125,5,0,6,1.20,0,0,Substantial
app/Encodings/AnselTest.php,204,5,0,7,1.40,0,0,Substantial
app/Encodings/ASCIITest.php,56,1,0,2,2.00,0,0,Stub
app/Encodings/CP437Test.php,49,1,0,1,1.00,0,0,Stub
app/Encodings/CP850Test.php,47,1,0,1,1.00,0,0,Stub
app/Encodings/ISO88591Test.php,65,1,0,2,2.00,0,0,Stub
app/Encodings/ISO88592Test.php,65,1,0,2,2.00,0,0,Stub
app/Encodings/MacRomanTest.php,122,2,0,50,25.00,0,0,Smoke
app/Encodings/UTF16BETest.php,80,1,0,5,5.00,0,0,Stub
app/Encodings/UTF16LETest.php,80,1,0,5,5.00,0,0,Stub
app/Encodings/UTF8Test.php,52,2,0,2,1.00,0,0,Smoke
app/Encodings/Windows1250Test.php,50,1,0,1,1.00,0,0,Stub
app/Encodings/Windows1251Test.php,50,1,0,1,1.00,0,0,Stub
app/Encodings/Windows1252Test.php,50,1,0,1,1.00,0,0,Stub
app/Exceptions/FileUploadExceptionTest.php,32,1,0,1,1.00,0,0,Stub
app/Exceptions/GedcomErrorExceptionTest.php,32,1,0,1,1.00,0,0,Stub
app/Exceptions/InvalidGedcomEncodingExceptionTest.php,32,1,0,1,1.00,0,0,Stub
app/Factories/CacheFactoryTest.php,32,1,0,1,1.00,0,0,Stub
app/Factories/CalendarDateFactoryTest.php,243,18,0,69,3.83,0,0,EP-complete
app/Factories/ElementFactoryTest.php,32,1,0,1,1.00,0,0,Stub
app/Factories/EncodingFactoryTest.php,127,6,0,20,3.33,0,0,Substantial
app/Factories/FamilyFactoryTest.php,32,1,0,1,1.00,0,0,Stub
app/Factories/FilesystemFactoryTest.php,32,1,0,1,1.00,0,0,Stub
app/Factories/GedcomRecordFactoryTest.php,32,1,0,1,1.00,0,0,Stub
app/Factories/HeaderFactoryTest.php,32,1,0,1,1.00,0,0,Stub
app/Factories/IdFactoryTest.php,32,1,0,1,1.00,0,0,Stub
app/Factories/ImageFactoryTest.php,32,1,0,1,1.00,0,0,Stub
app/Factories/IndividualFactoryTest.php,32,1,0,1,1.00,0,0,Stub
app/Factories/LocationFactoryTest.php,32,1,0,1,1.00,0,0,Stub
app/Factories/MarkdownFactoryTest.php,132,8,0,12,1.50,0,0,Substantial
app/Factories/MediaFactoryTest.php,32,1,0,1,1.00,0,0,Stub
app/Factories/NoteFactoryTest.php,32,1,0,1,1.00,0,0,Stub
app/Factories/RepositoryFactoryTest.php,32,1,0,1,1.00,0,0,Stub
app/Factories/ResponseFactoryTest.php,32,1,0,1,1.00,0,0,Stub
app/Factories/RouteFactoryTest.php,40,1,0,2,2.00,0,0,Stub
app/Factories/SharedNoteFactoryTest.php,32,1,0,1,1.00,0,0,Stub
app/Factories/SlugFactoryTest.php,32,1,0,1,1.00,0,0,Stub
app/Factories/SourceFactoryTest.php,32,1,0,1,1.00,0,0,Stub
app/Factories/SubmissionFactoryTest.php,32,1,0,1,1.00,0,0,Stub
app/Factories/SubmitterFactoryTest.php,32,1,0,1,1.00,0,0,Stub
app/Factories/SurnameTraditionFactoryTest.php,65,3,0,11,3.67,0,0,Substantial
app/Factories/TimeFactoryTest.php,32,1,0,1,1.00,0,0,Stub
app/Factories/TimestampFactoryTest.php,32,1,0,1,1.00,0,0,Stub
app/Factories/XrefFactoryTest.php,32,1,0,1,1.00,0,0,Stub
app/FactTest.php,55,2,0,4,2.00,0,0,Smoke
app/FamilyTest.php,31,1,0,1,1.00,0,0,Stub
app/FlashMessagesTest.php,31,1,0,1,1.00,0,0,Stub
app/GedcomFilters/GedcomEncodingFilterTest.php,32,1,0,1,1.00,0,0,Stub
app/GedcomRecordTest.php,145,3,0,18,6.00,0,0,Substantial
app/GedcomTest.php,31,1,0,1,1.00,0,0,Stub
app/GuestUserTest.php,60,3,0,12,4.00,0,0,Substantial
app/HeaderTest.php,31,1,0,1,1.00,0,0,Stub
app/HtmlTest.php,31,1,0,1,1.00,0,0,Stub
app/Http/Exceptions/HttpAccessDeniedExceptionTest.php,32,1,0,1,1.00,0,0,Stub
app/Http/Exceptions/HttpBadRequestExceptionTest.php,32,1,0,1,1.00,0,0,Stub
app/Http/Exceptions/HttpExceptionTest.php,32,1,0,1,1.00,0,0,Stub
app/Http/Exceptions/HttpNotFoundExceptionTest.php,32,1,0,1,1.00,0,0,Stub
app/Http/Exceptions/HttpServerErrorExceptionTest.php,32,1,0,1,1.00,0,0,Stub
app/Http/Exceptions/HttpServiceUnavailableExceptionTest.php,32,1,0,1,1.00,0,0,Stub
app/Http/Exceptions/HttpTooManyRequestsExceptionTest.php,32,1,0,1,1.00,0,0,Stub
app/Http/Middleware/AuthAdministratorTest.php,80,3,0,5,1.67,0,0,Substantial
app/Http/Middleware/AuthEditorTest.php,89,3,0,5,1.67,0,0,Substantial
app/Http/Middleware/AuthLoggedInTest.php,32,1,0,1,1.00,0,0,Stub
app/Http/Middleware/AuthManagerTest.php,89,3,0,5,1.67,0,0,Substantial
app/Http/Middleware/AuthMemberTest.php,89,3,0,5,1.67,0,0,Substantial
app/Http/Middleware/AuthModeratorTest.php,89,3,0,5,1.67,0,0,Substantial
app/Http/Middleware/BadBotBlockerTest.php,95,4,0,6,1.50,0,0,Substantial
app/Http/Middleware/BaseUrlTest.php,32,1,0,1,1.00,0,0,Stub
app/Http/Middleware/BootModulesTest.php,54,1,0,2,2.00,0,0,Stub
app/Http/Middleware/CheckCsrfTest.php,52,1,0,3,3.00,0,0,Stub
app/Http/Middleware/CheckForMaintenanceModeTest.php,64,2,0,3,1.50,0,0,Smoke
app/Http/Middleware/CheckForNewVersionTest.php,32,1,0,1,1.00,0,0,Stub
app/Http/Middleware/ClientIpTest.php,32,1,0,1,1.00,0,0,Stub
app/Http/Middleware/CompressResponseTest.php,32,1,0,1,1.00,0,0,Stub
app/Http/Middleware/ContentLengthTest.php,32,1,0,1,1.00,0,0,Stub
app/Http/Middleware/DoHousekeepingTest.php,46,1,0,1,1.00,0,0,Stub
app/Http/Middleware/EmitResponseTest.php,32,1,0,1,1.00,0,0,Stub
app/Http/Middleware/HandleExceptionsTest.php,56,1,0,1,1.00,0,0,Stub
app/Http/Middleware/LoadRoutesTest.php,32,1,0,1,1.00,0,0,Stub
app/Http/Middleware/PublicFilesTest.php,84,4,0,4,1.00,0,0,Substantial
app/Http/Middleware/ReadConfigIniTest.php,32,1,0,1,1.00,0,0,Stub
app/Http/Middleware/RegisterGedcomTagsTest.php,32,1,0,1,1.00,0,0,Stub
app/Http/Middleware/RequestHandlerTest.php,32,1,0,1,1.00,0,0,Stub
app/Http/Middleware/RouterTest.php,32,1,0,1,1.00,0,0,Stub
app/Http/Middleware/SecurityHeadersTest.php,77,3,0,9,3.00,0,0,Substantial
app/Http/Middleware/UpdateDatabaseSchemaTest.php,32,1,0,1,1.00,0,0,Stub
app/Http/Middleware/UseDatabaseTest.php,32,1,0,1,1.00,0,0,Stub
app/Http/Middleware/UseLanguageTest.php,32,1,0,1,1.00,0,0,Stub
app/Http/Middleware/UseSessionTest.php,32,1,0,1,1.00,0,0,Stub
app/Http/Middleware/UseThemeTest.php,32,1,0,1,1.00,0,0,Stub
app/Http/Middleware/UseTransactionTest.php,32,1,0,1,1.00,0,0,Stub
app/Http/RequestHandlers/AccountDeleteTest.php,85,4,0,6,1.50,0,0,Substantial
app/Http/RequestHandlers/AccountEditTest.php,75,3,0,3,1.00,0,0,Substantial
app/Http/RequestHandlers/AccountUpdateTest.php,199,6,0,9,1.50,0,0,Substantial
app/Http/RequestHandlers/AddChildToFamilyActionTest.php,62,2,0,2,1.00,0,0,Smoke
app/Http/RequestHandlers/AddChildToFamilyPageTest.php,169,4,0,4,1.00,0,0,Substantial
app/Http/RequestHandlers/AddChildToIndividualActionTest.php,62,2,0,2,1.00,0,0,Smoke
app/Http/RequestHandlers/AddChildToIndividualPageTest.php,160,4,0,4,1.00,0,0,Substantial
app/Http/RequestHandlers/AddMediaFileActionTest.php,87,2,0,2,1.00,0,0,Smoke
app/Http/RequestHandlers/AddMediaFileModalTest.php,97,3,0,3,1.00,0,0,Substantial
app/Http/RequestHandlers/AddNewFactTest.php,162,4,0,4,1.00,0,0,Substantial
app/Http/RequestHandlers/AddParentToIndividualActionTest.php,62,2,0,2,1.00,0,0,Smoke
app/Http/RequestHandlers/AddParentToIndividualPageTest.php,158,4,0,4,1.00,0,0,Substantial
app/Http/RequestHandlers/AddSpouseToFamilyActionTest.php,65,2,0,2,1.00,0,0,Smoke
app/Http/RequestHandlers/AddSpouseToFamilyPageTest.php,222,5,0,5,1.00,0,0,Substantial
app/Http/RequestHandlers/AddSpouseToIndividualActionTest.php,65,2,0,2,1.00,0,0,Smoke
app/Http/RequestHandlers/AddSpouseToIndividualPageTest.php,168,4,0,4,1.00,0,0,Substantial
app/Http/RequestHandlers/AddUnlinkedActionTest.php,32,1,0,1,1.00,0,0,Stub
app/Http/RequestHandlers/AddUnlinkedPageTest.php,32,1,0,1,1.00,0,0,Stub
app/Http/RequestHandlers/AdminMediaFileDownloadTest.php,51,2,0,2,1.00,0,0,Smoke
app/Http/RequestHandlers/AdminMediaFileThumbnailTest.php,51,2,0,2,1.00,0,0,Smoke
app/Http/RequestHandlers/AdsTxtTest.php,48,2,0,4,2.00,0,0,Smoke
app/Http/RequestHandlers/AppAdsTxtTest.php,48,2,0,4,2.00,0,0,Smoke
app/Http/RequestHandlers/AppleTouchIconPngTest.php,49,2,0,5,2.50,0,0,Smoke
app/Http/RequestHandlers/AutoCompleteCitationTest.php,146,4,0,6,1.50,0,0,Substantial
app/Http/RequestHandlers/AutoCompleteFolderTest.php,32,1,0,1,1.00,0,0,Stub
app/Http/RequestHandlers/AutoCompletePlaceTest.php,131,4,0,7,1.75,0,0,Substantial
app/Http/RequestHandlers/AutoCompleteSurnameTest.php,114,4,0,8,2.00,0,0,Substantial
app/Http/RequestHandlers/BroadcastActionTest.php,184,5,0,5,1.00,0,0,Substantial
app/Http/RequestHandlers/BroadcastPageTest.php,62,2,0,2,1.00,0,0,Smoke
app/Http/RequestHandlers/BrowserconfigXmlTest.php,49,2,0,5,2.50,0,0,Smoke
app/Http/RequestHandlers/CalendarActionTest.php,60,2,0,4,2.00,0,0,Smoke
app/Http/RequestHandlers/CalendarEventsTest.php,70,2,0,3,1.50,0,0,Smoke
app/Http/RequestHandlers/CalendarPageTest.php,120,5,0,6,1.20,0,0,Substantial
app/Http/RequestHandlers/ChangeFamilyMembersActionTest.php,32,1,0,1,1.00,0,0,Stub
app/Http/RequestHandlers/ChangeFamilyMembersPageTest.php,32,1,0,1,1.00,0,0,Stub
app/Http/RequestHandlers/CheckForNewVersionNowTest.php,32,1,0,1,1.00,0,0,Stub
app/Http/RequestHandlers/CheckTreeTest.php,89,4,0,4,1.00,0,0,Substantial
app/Http/RequestHandlers/CleanDataFolderTest.php,48,2,0,2,1.00,0,0,Smoke
app/Http/RequestHandlers/ContactActionTest.php,291,7,0,7,1.00,0,0,Substantial
app/Http/RequestHandlers/ContactPageTest.php,114,4,0,4,1.00,0,0,Substantial
app/Http/RequestHandlers/ControlPanelControllerTest.php,70,1,0,1,1.00,0,0,Stub
app/Http/RequestHandlers/ControlPanelTest.php,102,2,0,2,1.00,0,0,Smoke
app/Http/RequestHandlers/CopyFactTest.php,145,4,0,4,1.00,0,0,Substantial
app/Http/RequestHandlers/CreateLocationActionTest.php,67,2,0,5,2.50,0,0,Smoke
app/Http/RequestHandlers/CreateLocationModalTest.php,51,2,0,2,1.00,0,0,Smoke
app/Http/RequestHandlers/CreateMediaObjectActionTest.php,68,2,0,2,1.00,0,0,Smoke
app/Http/RequestHandlers/CreateMediaObjectFromFileTest.php,68,2,0,2,1.00,0,0,Smoke
app/Http/RequestHandlers/CreateMediaObjectModalTest.php,55,2,0,2,1.00,0,0,Smoke
app/Http/RequestHandlers/CreateNoteActionTest.php,93,3,0,6,2.00,0,0,Substantial
app/Http/RequestHandlers/CreateNoteModalTest.php,53,2,0,2,1.00,0,0,Smoke
app/Http/RequestHandlers/CreateRepositoryActionTest.php,102,3,0,5,1.67,0,0,Substantial
app/Http/RequestHandlers/CreateRepositoryModalTest.php,53,2,0,2,1.00,0,0,Smoke
app/Http/RequestHandlers/CreateSourceActionTest.php,110,3,0,5,1.67,0,0,Substantial
app/Http/RequestHandlers/CreateSourceModalTest.php,53,2,0,2,1.00,0,0,Smoke
app/Http/RequestHandlers/CreateSubmissionActionTest.php,67,2,0,3,1.50,0,0,Smoke
app/Http/RequestHandlers/CreateSubmissionModalTest.php,51,2,0,2,1.00,0,0,Smoke
app/Http/RequestHandlers/CreateSubmitterActionTest.php,104,3,0,5,1.67,0,0,Substantial
app/Http/RequestHandlers/CreateSubmitterModalTest.php,53,2,0,2,1.00,0,0,Smoke
app/Http/RequestHandlers/CreateTreeActionTest.php,85,3,0,3,1.00,0,0,Substantial
app/Http/RequestHandlers/CreateTreePageTest.php,76,4,0,4,1.00,0,0,Substantial
app/Http/RequestHandlers/DataFixChooseTest.php,32,1,0,1,1.00,0,0,Stub
app/Http/RequestHandlers/DataFixDataTest.php,65,1,0,1,1.00,0,0,Stub
app/Http/RequestHandlers/DataFixPageTest.php,110,4,0,3,0.75,0,0,Smoke
app/Http/RequestHandlers/DataFixPreviewTest.php,32,1,0,1,1.00,0,0,Stub
app/Http/RequestHandlers/DataFixSelectTest.php,32,1,0,1,1.00,0,0,Stub
app/Http/RequestHandlers/DataFixUpdateAllTest.php,32,1,0,1,1.00,0,0,Stub
app/Http/RequestHandlers/DataFixUpdateTest.php,32,1,0,1,1.00,0,0,Stub
app/Http/RequestHandlers/DeleteFactTest.php,174,5,0,5,1.00,0,0,Substantial
app/Http/RequestHandlers/DeletePathTest.php,70,4,0,4,1.00,0,0,Substantial
app/Http/RequestHandlers/DeleteRecordTest.php,61,2,0,2,1.00,0,0,Smoke
app/Http/RequestHandlers/DeleteTreeActionTest.php,53,2,0,2,1.00,0,0,Smoke
app/Http/RequestHandlers/DeleteUserTest.php,83,3,0,5,1.67,0,0,Substantial
app/Http/RequestHandlers/EditFactActionTest.php,65,2,0,2,1.00,0,0,Smoke
app/Http/RequestHandlers/EditFactPageTest.php,144,4,0,4,1.00,0,0,Substantial
app/Http/RequestHandlers/EditMediaFileActionTest.php,84,2,0,2,1.00,0,0,Smoke
app/Http/RequestHandlers/EditMediaFileModalTest.php,101,3,0,3,1.00,0,0,Substantial
app/Http/RequestHandlers/EditNoteActionTest.php,65,2,0,2,1.00,0,0,Smoke
app/Http/RequestHandlers/EditNotePageTest.php,96,3,0,3,1.00,0,0,Substantial
app/Http/RequestHandlers/EditRawFactActionTest.php,58,2,0,2,1.00,0,0,Smoke
app/Http/RequestHandlers/EditRawFactPageTest.php,145,4,0,4,1.00,0,0,Substantial
app/Http/RequestHandlers/EditRawRecordActionTest.php,58,2,0,2,1.00,0,0,Smoke
app/Http/RequestHandlers/EditRawRecordPageTest.php,94,3,0,3,1.00,0,0,Substantial
app/Http/RequestHandlers/EditRecordActionTest.php,74,2,0,2,1.00,0,0,Smoke
app/Http/RequestHandlers/EditRecordPageTest.php,65,2,0,2,1.00,0,0,Smoke
app/Http/RequestHandlers/EmailPreferencesActionTest.php,32,1,0,1,1.00,0,0,Stub
app/Http/RequestHandlers/EmailPreferencesPageTest.php,50,2,0,2,1.00,0,0,Smoke
app/Http/RequestHandlers/EmptyClipboardTest.php,51,2,0,2,1.00,0,0,Smoke
app/Http/RequestHandlers/ExportGedcomClientTest.php,72,2,0,3,1.50,0,0,Smoke
app/Http/RequestHandlers/ExportGedcomPageTest.php,65,3,0,3,1.00,0,0,Substantial
app/Http/RequestHandlers/ExportGedcomServerTest.php,88,3,0,3,1.00,0,0,Substantial
app/Http/RequestHandlers/FamilyPageTest.php,154,4,0,4,1.00,0,0,Substantial
app/Http/RequestHandlers/FaviconIcoTest.php,49,2,0,5,2.50,0,0,Smoke
app/Http/RequestHandlers/FindDuplicateRecordsTest.php,37,1,0,1,1.00,0,0,Stub
app/Http/RequestHandlers/FixLevel0MediaActionTest.php,50,1,0,1,1.00,0,0,Stub
app/Http/RequestHandlers/FixLevel0MediaDataTest.php,49,1,0,1,1.00,0,0,Stub
app/Http/RequestHandlers/FixLevel0MediaPageTest.php,39,1,0,1,1.00,0,0,Stub
app/Http/RequestHandlers/GedcomLoadTest.php,32,1,0,1,1.00,0,0,Stub
app/Http/RequestHandlers/GedcomRecordPageTest.php,32,1,0,1,1.00,0,0,Stub
app/Http/RequestHandlers/HeaderPageTest.php,147,4,0,4,1.00,0,0,Substantial
app/Http/RequestHandlers/HelpTextTest.php,202,14,0,17,1.21,0,0,Smoke
app/Http/RequestHandlers/HomePageTest.php,54,2,0,2,1.00,0,0,Smoke
app/Http/RequestHandlers/ImportGedcomActionTest.php,149,4,0,4,1.00,0,0,Substantial
app/Http/RequestHandlers/ImportGedcomPageTest.php,32,1,0,1,1.00,0,0,Stub
app/Http/RequestHandlers/IndividualPageTest.php,184,4,0,4,1.00,0,0,Substantial
app/Http/RequestHandlers/LinkChildToFamilyActionTest.php,58,2,0,2,1.00,0,0,Smoke
app/Http/RequestHandlers/LinkChildToFamilyPageTest.php,92,3,0,3,1.00,0,0,Substantial
app/Http/RequestHandlers/LinkMediaToFamilyModalTest.php,94,3,0,3,1.00,0,0,Substantial
app/Http/RequestHandlers/LinkMediaToIndividualModalTest.php,94,3,0,3,1.00,0,0,Substantial
app/Http/RequestHandlers/LinkMediaToRecordActionTest.php,69,2,0,2,1.00,0,0,Smoke
app/Http/RequestHandlers/LinkMediaToSourceModalTest.php,94,3,0,3,1.00,0,0,Substantial
app/Http/RequestHandlers/LinkSpouseToIndividualActionTest.php,76,2,0,2,1.00,0,0,Smoke
app/Http/RequestHandlers/LinkSpouseToIndividualPageTest.php,130,4,0,4,1.00,0,0,Substantial
app/Http/RequestHandlers/LocationPageTest.php,32,1,0,1,1.00,0,0,Stub
app/Http/RequestHandlers/LoginActionTest.php,177,7,0,13,1.86,0,0,Substantial
app/Http/RequestHandlers/LoginPageTest.php,89,4,0,4,1.00,0,0,Substantial
app/Http/RequestHandlers/LogoutTest.php,88,4,0,7,1.75,0,0,Substantial
app/Http/RequestHandlers/ManageMediaActionTest.php,54,2,0,2,1.00,0,0,Smoke
app/Http/RequestHandlers/ManageMediaDataTest.php,103,3,0,3,1.00,0,0,Substantial
app/Http/RequestHandlers/ManageMediaPageTest.php,42,1,0,1,1.00,0,0,Stub
app/Http/RequestHandlers/ManageTreesTest.php,64,3,0,3,1.00,0,0,Substantial
app/Http/RequestHandlers/MapDataAddTest.php,53,2,0,2,1.00,0,0,Smoke
app/Http/RequestHandlers/MapDataDeleteTest.php,61,2,0,2,1.00,0,0,Smoke
app/Http/RequestHandlers/MapDataDeleteUnusedTest.php,50,2,0,2,1.00,0,0,Smoke
app/Http/RequestHandlers/MapDataEditTest.php,59,2,0,2,1.00,0,0,Smoke
app/Http/RequestHandlers/MapDataExportCSVTest.php,47,2,0,3,1.50,0,0,Smoke
app/Http/RequestHandlers/MapDataExportGeoJsonTest.php,47,2,0,3,1.50,0,0,Smoke
app/Http/RequestHandlers/MapDataImportActionTest.php,68,3,0,3,1.00,0,0,Substantial
app/Http/RequestHandlers/MapDataImportPageTest.php,45,2,0,3,1.50,0,0,Smoke
app/Http/RequestHandlers/MapDataListTest.php,70,2,0,2,1.00,0,0,Smoke
app/Http/RequestHandlers/MapDataSaveTest.php,72,3,0,3,1.00,0,0,Substantial
app/Http/RequestHandlers/MasqueradeTest.php,96,3,0,7,2.33,0,0,Substantial
app/Http/RequestHandlers/MediaFileDownloadTest.php,99,3,0,3,1.00,0,0,Substantial
app/Http/RequestHandlers/MediaFileThumbnailTest.php,95,3,0,3,1.00,0,0,Substantial
app/Http/RequestHandlers/MediaPageTest.php,169,4,0,4,1.00,0,0,Substantial
app/Http/RequestHandlers/MergeFactsActionTest.php,161,4,0,4,1.00,0,0,Substantial
app/Http/RequestHandlers/MergeFactsPageTest.php,174,4,0,4,1.00,0,0,Substantial
app/Http/RequestHandlers/MergeRecordsActionTest.php,196,5,0,5,1.00,0,0,Substantial
app/Http/RequestHandlers/MergeRecordsPageTest.php,104,3,0,3,1.00,0,0,Substantial
app/Http/RequestHandlers/MergeTreesActionTest.php,72,3,0,3,1.00,0,0,Substantial
app/Http/RequestHandlers/MergeTreesPageTest.php,67,3,0,3,1.00,0,0,Substantial
app/Http/RequestHandlers/MessageActionTest.php,186,6,0,6,1.00,0,0,Substantial
app/Http/RequestHandlers/MessagePageTest.php,97,4,0,4,1.00,0,0,Substantial
app/Http/RequestHandlers/MessageSelectTest.php,72,3,0,3,1.00,0,0,Substantial
app/Http/RequestHandlers/ModuleActionTest.php,131,4,0,8,2.00,0,0,Substantial
app/Http/RequestHandlers/ModuleDeleteSettingsTest.php,32,1,0,1,1.00,0,0,Stub
app/Http/RequestHandlers/ModulesAllActionTest.php,53,2,0,2,1.00,0,0,Smoke
app/Http/RequestHandlers/ModulesAllPageTest.php,55,2,0,2,1.00,0,0,Smoke
app/Http/RequestHandlers/ModulesAnalyticsActionTest.php,56,2,0,2,1.00,0,0,Smoke
app/Http/RequestHandlers/ModulesAnalyticsPageTest.php,65,2,0,2,1.00,0,0,Smoke
app/Http/RequestHandlers/ModulesBlocksActionTest.php,59,2,0,2,1.00,0,0,Smoke
app/Http/RequestHandlers/ModulesBlocksPageTest.php,65,2,0,2,1.00,0,0,Smoke
app/Http/RequestHandlers/ModulesChartsActionTest.php,58,2,0,2,1.00,0,0,Smoke
app/Http/RequestHandlers/ModulesChartsPageTest.php,65,2,0,2,1.00,0,0,Smoke
app/Http/RequestHandlers/ModulesDataFixesActionTest.php,56,2,0,2,1.00,0,0,Smoke
app/Http/RequestHandlers/ModulesDataFixesPageTest.php,65,2,0,2,1.00,0,0,Smoke
app/Http/RequestHandlers/ModulesFootersActionTest.php,56,2,0,2,1.00,0,0,Smoke
app/Http/RequestHandlers/ModulesFootersPageTest.php,65,2,0,2,1.00,0,0,Smoke
app/Http/RequestHandlers/ModulesHistoricEventsActionTest.php,56,2,0,2,1.00,0,0,Smoke
app/Http/RequestHandlers/ModulesHistoricEventsPageTest.php,65,2,0,2,1.00,0,0,Smoke
app/Http/RequestHandlers/ModulesLanguagesActionTest.php,56,2,0,2,1.00,0,0,Smoke
app/Http/RequestHandlers/ModulesLanguagesPageTest.php,65,2,0,2,1.00,0,0,Smoke
app/Http/RequestHandlers/ModulesListsActionTest.php,59,2,0,2,1.00,0,0,Smoke
app/Http/RequestHandlers/ModulesListsPageTest.php,65,2,0,2,1.00,0,0,Smoke
app/Http/RequestHandlers/ModulesMapAutocompleteActionTest.php,55,2,0,2,1.00,0,0,Smoke
app/Http/RequestHandlers/ModulesMapAutocompletePageTest.php,65,2,0,2,1.00,0,0,Smoke
app/Http/RequestHandlers/ModulesMapGeoLocationsActionTest.php,55,2,0,2,1.00,0,0,Smoke
app/Http/RequestHandlers/ModulesMapGeoLocationsPageTest.php,65,2,0,2,1.00,0,0,Smoke
app/Http/RequestHandlers/ModulesMapLinksActionTest.php,55,2,0,2,1.00,0,0,Smoke
app/Http/RequestHandlers/ModulesMapLinksPageTest.php,65,2,0,2,1.00,0,0,Smoke
app/Http/RequestHandlers/ModulesMapProvidersActionTest.php,55,2,0,2,1.00,0,0,Smoke
app/Http/RequestHandlers/ModulesMapProvidersPageTest.php,65,2,0,2,1.00,0,0,Smoke
app/Http/RequestHandlers/ModulesMenusActionTest.php,59,2,0,2,1.00,0,0,Smoke
app/Http/RequestHandlers/ModulesMenusPageTest.php,65,2,0,2,1.00,0,0,Smoke
app/Http/RequestHandlers/ModulesReportsActionTest.php,59,2,0,2,1.00,0,0,Smoke
app/Http/RequestHandlers/ModulesReportsPageTest.php,65,2,0,2,1.00,0,0,Smoke
app/Http/RequestHandlers/ModulesSharesActionTest.php,56,2,0,2,1.00,0,0,Smoke
app/Http/RequestHandlers/ModulesSharesPageTest.php,65,2,0,2,1.00,0,0,Smoke
app/Http/RequestHandlers/ModulesSidebarsActionTest.php,59,2,0,2,1.00,0,0,Smoke
app/Http/RequestHandlers/ModulesSidebarsPageTest.php,65,2,0,2,1.00,0,0,Smoke
app/Http/RequestHandlers/ModulesTabsActionTest.php,59,2,0,2,1.00,0,0,Smoke
app/Http/RequestHandlers/ModulesTabsPageTest.php,65,2,0,2,1.00,0,0,Smoke
app/Http/RequestHandlers/ModulesThemesActionTest.php,56,2,0,2,1.00,0,0,Smoke
app/Http/RequestHandlers/ModulesThemesPageTest.php,65,2,0,2,1.00,0,0,Smoke
app/Http/RequestHandlers/NotePageTest.php,170,4,0,4,1.00,0,0,Substantial
app/Http/RequestHandlers/NotFoundTest.php,75,4,0,4,1.00,0,0,Substantial
app/Http/RequestHandlers/PasswordRequestActionTest.php,32,1,0,1,1.00,0,0,Stub
app/Http/RequestHandlers/PasswordRequestPageTest.php,50,2,0,2,1.00,0,0,Smoke
app/Http/RequestHandlers/PasswordResetActionTest.php,72,3,0,3,1.00,0,0,Substantial
app/Http/RequestHandlers/PasswordResetPageTest.php,69,2,0,2,1.00,0,0,Smoke
app/Http/RequestHandlers/PasteFactTest.php,67,2,0,2,1.00,0,0,Smoke
app/Http/RequestHandlers/PendingChangesAcceptChangeTest.php,99,3,0,3,1.00,0,0,Substantial
app/Http/RequestHandlers/PendingChangesAcceptRecordTest.php,137,4,0,4,1.00,0,0,Substantial
app/Http/RequestHandlers/PendingChangesAcceptTreeTest.php,59,2,0,2,1.00,0,0,Smoke
app/Http/RequestHandlers/PendingChangesLogActionTest.php,57,2,0,4,2.00,0,0,Smoke
app/Http/RequestHandlers/PendingChangesLogDataTest.php,69,2,0,2,1.00,0,0,Smoke
app/Http/RequestHandlers/PendingChangesLogDeleteTest.php,60,2,0,2,1.00,0,0,Smoke
app/Http/RequestHandlers/PendingChangesLogDownloadTest.php,156,5,0,13,2.60,0,0,Substantial
app/Http/RequestHandlers/PendingChangesLogPageTest.php,65,2,0,2,1.00,0,0,Smoke
app/Http/RequestHandlers/PendingChangesRejectChangeTest.php,99,3,0,3,1.00,0,0,Substantial
app/Http/RequestHandlers/PendingChangesRejectRecordTest.php,102,3,0,3,1.00,0,0,Substantial
app/Http/RequestHandlers/PendingChangesRejectTreeTest.php,58,2,0,2,1.00,0,0,Smoke
app/Http/RequestHandlers/PendingChangesTest.php,80,3,0,3,1.00,0,0,Substantial
app/Http/RequestHandlers/PhpInformationTest.php,47,2,0,3,1.50,0,0,Smoke
app/Http/RequestHandlers/PingTest.php,71,3,0,6,2.00,0,0,Substantial
app/Http/RequestHandlers/RedirectAncestryPhpTest.php,135,3,0,4,1.33,0,0,Substantial
app/Http/RequestHandlers/RedirectBranchesPhpTest.php,133,3,0,4,1.33,0,0,Substantial
app/Http/RequestHandlers/RedirectCalendarPhpTest.php,84,2,0,3,1.50,0,0,Smoke
app/Http/RequestHandlers/RedirectCompactPhpTest.php,132,3,0,4,1.33,0,0,Substantial
app/Http/RequestHandlers/RedirectDescendancyPhpTest.php,131,3,0,4,1.33,0,0,Substantial
app/Http/RequestHandlers/RedirectFamilyBookPhpTest.php,131,3,0,4,1.33,0,0,Substantial
app/Http/RequestHandlers/RedirectFamilyPhpTest.php,108,3,0,4,1.33,0,0,Substantial
app/Http/RequestHandlers/RedirectFamListPhpTest.php,122,3,0,4,1.33,0,0,Substantial
app/Http/RequestHandlers/RedirectFanChartPhpTest.php,135,3,0,4,1.33,0,0,Substantial
app/Http/RequestHandlers/RedirectGedRecordPhpTest.php,114,3,0,4,1.33,0,0,Substantial
app/Http/RequestHandlers/RedirectHourGlassPhpTest.php,132,3,0,4,1.33,0,0,Substantial
app/Http/RequestHandlers/RedirectIndiListPhpTest.php,122,3,0,4,1.33,0,0,Substantial
app/Http/RequestHandlers/RedirectIndividualPhpTest.php,125,4,0,5,1.25,0,0,Substantial
app/Http/RequestHandlers/RedirectLifeSpanPhpTest.php,118,3,0,4,1.33,0,0,Substantial
app/Http/RequestHandlers/RedirectMediaListPhpTest.php,122,3,0,4,1.33,0,0,Substantial
app/Http/RequestHandlers/RedirectMediaViewerPhpTest.php,138,5,0,6,1.20,0,0,Substantial
app/Http/RequestHandlers/RedirectModulePhpTest.php,282,6,0,8,1.33,0,0,Substantial
app/Http/RequestHandlers/RedirectNoteListPhpTest.php,122,3,0,4,1.33,0,0,Substantial
app/Http/RequestHandlers/RedirectNotePhpTest.php,108,3,0,4,1.33,0,0,Substantial
app/Http/RequestHandlers/RedirectPedigreePhpTest.php,136,3,0,4,1.33,0,0,Substantial
app/Http/RequestHandlers/RedirectPlaceListPhpTest.php,122,3,0,4,1.33,0,0,Substantial
app/Http/RequestHandlers/RedirectRelationshipPhpTest.php,136,3,0,4,1.33,0,0,Substantial
app/Http/RequestHandlers/RedirectRepoListPhpTest.php,122,3,0,4,1.33,0,0,Substantial
app/Http/RequestHandlers/RedirectReportEnginePhpTest.php,87,2,0,3,1.50,0,0,Smoke
app/Http/RequestHandlers/RedirectRepositoryPhpTest.php,108,3,0,4,1.33,0,0,Substantial
app/Http/RequestHandlers/RedirectSourceListPhpTest.php,122,3,0,4,1.33,0,0,Substantial
app/Http/RequestHandlers/RedirectSourcePhpTest.php,108,3,0,4,1.33,0,0,Substantial
app/Http/RequestHandlers/RedirectStatisticsPhpTest.php,122,3,0,4,1.33,0,0,Substantial
app/Http/RequestHandlers/RedirectTimeLinePhpTest.php,139,3,0,4,1.33,0,0,Substantial
app/Http/RequestHandlers/RegisterActionTest.php,64,2,0,2,1.00,0,0,Smoke
app/Http/RequestHandlers/RegisterPageTest.php,87,4,0,5,1.25,0,0,Substantial
app/Http/RequestHandlers/RenumberTreeActionTest.php,59,2,0,2,1.00,0,0,Smoke
app/Http/RequestHandlers/RenumberTreePageTest.php,52,2,0,2,1.00,0,0,Smoke
app/Http/RequestHandlers/ReorderChildrenActionTest.php,58,2,0,2,1.00,0,0,Smoke
app/Http/RequestHandlers/ReorderChildrenPageTest.php,98,3,0,3,1.00,0,0,Substantial
app/Http/RequestHandlers/ReorderFamiliesActionTest.php,58,2,0,2,1.00,0,0,Smoke
app/Http/RequestHandlers/ReorderFamiliesPageTest.php,100,3,0,3,1.00,0,0,Substantial
app/Http/RequestHandlers/ReorderMediaActionTest.php,58,2,0,2,1.00,0,0,Smoke
app/Http/RequestHandlers/ReorderMediaFilesActionTest.php,121,3,0,3,1.00,0,0,Substantial
app/Http/RequestHandlers/ReorderMediaFilesPageTest.php,144,4,0,4,1.00,0,0,Substantial
app/Http/RequestHandlers/ReorderMediaPageTest.php,98,3,0,3,1.00,0,0,Substantial
app/Http/RequestHandlers/ReorderNamesActionTest.php,121,3,0,3,1.00,0,0,Substantial
app/Http/RequestHandlers/ReorderNamesPageTest.php,97,3,0,3,1.00,0,0,Substantial
app/Http/RequestHandlers/ReportGenerateTest.php,64,2,0,2,1.00,0,0,Smoke
app/Http/RequestHandlers/ReportListActionTest.php,89,3,0,4,1.33,0,0,Substantial
app/Http/RequestHandlers/ReportListPageTest.php,84,3,0,3,1.00,0,0,Substantial
app/Http/RequestHandlers/ReportSetupActionTest.php,97,3,0,4,1.33,0,0,Substantial
app/Http/RequestHandlers/ReportSetupPageTest.php,59,2,0,2,1.00,0,0,Smoke
app/Http/RequestHandlers/RepositoryPageTest.php,167,4,0,4,1.00,0,0,Substantial
app/Http/RequestHandlers/RobotsTxtTest.php,113,4,0,7,1.75,0,0,Substantial
app/Http/RequestHandlers/SearchAdvancedActionTest.php,71,3,0,4,1.33,0,0,Substantial
app/Http/RequestHandlers/SearchAdvancedPageTest.php,105,4,0,6,1.50,0,0,Substantial
app/Http/RequestHandlers/SearchGeneralActionTest.php,32,1,0,1,1.00,0,0,Stub
app/Http/RequestHandlers/SearchGeneralPageTest.php,124,5,0,7,1.40,0,0,Substantial
app/Http/RequestHandlers/SearchPhoneticActionTest.php,59,2,0,5,2.50,0,0,Smoke
app/Http/RequestHandlers/SearchPhoneticPageTest.php,103,4,0,5,1.25,0,0,Substantial
app/Http/RequestHandlers/SearchQuickActionTest.php,98,3,0,6,2.00,0,0,Substantial
app/Http/RequestHandlers/SearchReplaceActionTest.php,134,4,0,4,1.00,0,0,Substantial
app/Http/RequestHandlers/SearchReplacePageTest.php,79,3,0,4,1.33,0,0,Substantial
app/Http/RequestHandlers/SelectDefaultTreeTest.php,54,2,0,3,1.50,0,0,Smoke
app/Http/RequestHandlers/SelectLanguageTest.php,66,2,0,4,2.00,0,0,Smoke
app/Http/RequestHandlers/SelectNewFactTest.php,52,2,0,2,1.00,0,0,Smoke
app/Http/RequestHandlers/SelectThemeTest.php,60,2,0,2,1.00,0,0,Smoke
app/Http/RequestHandlers/SetupWizardTest.php,32,1,0,1,1.00,0,0,Stub
app/Http/RequestHandlers/SharedNotePageTest.php,32,1,0,1,1.00,0,0,Stub
app/Http/RequestHandlers/SiteLogsActionTest.php,32,1,0,1,1.00,0,0,Stub
app/Http/RequestHandlers/SiteLogsDataTest.php,57,1,0,1,1.00,0,0,Stub
app/Http/RequestHandlers/SiteLogsDeleteTest.php,55,2,0,2,1.00,0,0,Smoke
app/Http/RequestHandlers/SiteLogsDownloadTest.php,142,5,0,14,2.80,0,0,Substantial
app/Http/RequestHandlers/SiteLogsPageTest.php,76,3,0,3,1.00,0,0,Substantial
app/Http/RequestHandlers/SitePreferencesActionTest.php,99,4,0,12,3.00,0,0,Substantial
app/Http/RequestHandlers/SitePreferencesPageTest.php,54,2,0,2,1.00,0,0,Smoke
app/Http/RequestHandlers/SiteRegistrationActionTest.php,70,3,0,8,2.67,0,0,Substantial
app/Http/RequestHandlers/SiteRegistrationPageTest.php,32,1,0,1,1.00,0,0,Stub
app/Http/RequestHandlers/SiteTagsActionTest.php,32,1,0,1,1.00,0,0,Stub
app/Http/RequestHandlers/SiteTagsPageTest.php,32,1,0,1,1.00,0,0,Stub
app/Http/RequestHandlers/SourcePageTest.php,168,4,0,4,1.00,0,0,Substantial
app/Http/RequestHandlers/SubmissionPageTest.php,32,1,0,1,1.00,0,0,Stub
app/Http/RequestHandlers/SubmitterPageTest.php,165,4,0,4,1.00,0,0,Substantial
app/Http/RequestHandlers/SynchronizeTreesTest.php,63,2,0,2,1.00,0,0,Smoke
app/Http/RequestHandlers/TomSelectFamilyTest.php,80,3,0,8,2.67,0,0,Substantial
app/Http/RequestHandlers/TomSelectIndividualTest.php,80,3,0,8,2.67,0,0,Substantial
app/Http/RequestHandlers/TomSelectLocationTest.php,80,3,0,8,2.67,0,0,Substantial
app/Http/RequestHandlers/TomSelectMediaObjectTest.php,80,3,0,8,2.67,0,0,Substantial
app/Http/RequestHandlers/TomSelectNoteTest.php,80,3,0,8,2.67,0,0,Substantial
app/Http/RequestHandlers/TomSelectPlaceTest.php,80,3,0,8,2.67,0,0,Substantial
app/Http/RequestHandlers/TomSelectRepositoryTest.php,80,3,0,8,2.67,0,0,Substantial
app/Http/RequestHandlers/TomSelectSharedNoteTest.php,32,1,0,1,1.00,0,0,Stub
app/Http/RequestHandlers/TomSelectSourceTest.php,80,3,0,8,2.67,0,0,Substantial
app/Http/RequestHandlers/TomSelectSubmissionTest.php,32,1,0,1,1.00,0,0,Stub
app/Http/RequestHandlers/TomSelectSubmitterTest.php,80,3,0,8,2.67,0,0,Substantial
app/Http/RequestHandlers/TreePageBlockEditTest.php,60,2,0,2,1.00,0,0,Smoke
app/Http/RequestHandlers/TreePageBlockTest.php,59,2,0,2,1.00,0,0,Smoke
app/Http/RequestHandlers/TreePageBlockUpdateTest.php,60,2,0,2,1.00,0,0,Smoke
app/Http/RequestHandlers/TreePageDefaultEditTest.php,56,2,0,2,1.00,0,0,Smoke
app/Http/RequestHandlers/TreePageDefaultUpdateTest.php,54,2,0,2,1.00,0,0,Smoke
app/Http/RequestHandlers/TreePageEditTest.php,56,2,0,2,1.00,0,0,Smoke
app/Http/RequestHandlers/TreePageTest.php,55,2,0,2,1.00,0,0,Smoke
app/Http/RequestHandlers/TreePageUpdateTest.php,58,2,0,2,1.00,0,0,Smoke
app/Http/RequestHandlers/TreePreferencesActionTest.php,154,3,0,12,4.00,0,0,Substantial
app/Http/RequestHandlers/TreePreferencesPageTest.php,65,2,0,2,1.00,0,0,Smoke
app/Http/RequestHandlers/TreePrivacyActionTest.php,62,2,0,2,1.00,0,0,Smoke
app/Http/RequestHandlers/TreePrivacyPageTest.php,49,2,0,2,1.00,0,0,Smoke
app/Http/RequestHandlers/UnconnectedActionTest.php,52,2,0,2,1.00,0,0,Smoke
app/Http/RequestHandlers/UnconnectedPageTest.php,64,3,0,3,1.00,0,0,Substantial
app/Http/RequestHandlers/UpgradeWizardConfirmTest.php,37,1,0,1,1.00,0,0,Stub
app/Http/RequestHandlers/UpgradeWizardPageTest.php,48,1,0,1,1.00,0,0,Stub
app/Http/RequestHandlers/UpgradeWizardStepTest.php,251,11,0,12,1.09,0,0,Substantial
app/Http/RequestHandlers/UploadMediaActionTest.php,147,6,0,6,1.00,0,0,Substantial
app/Http/RequestHandlers/UploadMediaPageTest.php,43,1,0,1,1.00,0,0,Stub
app/Http/RequestHandlers/UserAddActionTest.php,113,5,0,10,2.00,0,0,Substantial
app/Http/RequestHandlers/UserAddPageTest.php,71,4,0,4,1.00,0,0,Substantial
app/Http/RequestHandlers/UserEditActionTest.php,211,6,0,10,1.67,0,0,Substantial
app/Http/RequestHandlers/UserEditPageTest.php,85,3,0,3,1.00,0,0,Substantial
app/Http/RequestHandlers/UserListDataTest.php,50,2,0,2,1.00,0,0,Smoke
app/Http/RequestHandlers/UserListPageTest.php,60,3,0,3,1.00,0,0,Substantial
app/Http/RequestHandlers/UserListTest.php,55,2,0,2,1.00,0,0,Smoke
app/Http/RequestHandlers/UserPageBlockEditTest.php,64,2,0,2,1.00,0,0,Smoke
app/Http/RequestHandlers/UserPageBlockTest.php,64,2,0,2,1.00,0,0,Smoke
app/Http/RequestHandlers/UserPageBlockUpdateTest.php,64,2,0,2,1.00,0,0,Smoke
app/Http/RequestHandlers/UserPageDefaultEditTest.php,52,2,0,2,1.00,0,0,Smoke
app/Http/RequestHandlers/UserPageDefaultUpdateTest.php,54,2,0,2,1.00,0,0,Smoke
app/Http/RequestHandlers/UserPageEditTest.php,60,2,0,2,1.00,0,0,Smoke
app/Http/RequestHandlers/UserPageTest.php,59,2,0,2,1.00,0,0,Smoke
app/Http/RequestHandlers/UserPageUpdateTest.php,62,2,0,2,1.00,0,0,Smoke
app/Http/RequestHandlers/UsersCleanupActionTest.php,64,3,0,4,1.33,0,0,Substantial
app/Http/RequestHandlers/UsersCleanupPageTest.php,47,2,0,2,1.00,0,0,Smoke
app/Http/RequestHandlers/VerifyEmailTest.php,79,3,0,3,1.00,0,0,Substantial
app/Http/RequestHandlers/WebmanifestJsonTest.php,49,2,0,5,2.50,0,0,Smoke
app/Http/Routes/ApiRoutesTest.php,32,1,0,1,1.00,0,0,Stub
app/Http/Routes/WebRoutesTest.php,32,1,0,1,1.00,0,0,Stub
app/I18NTest.php,70,4,0,21,5.25,0,0,Substantial
app/IndividualTest.php,31,1,0,1,1.00,0,0,Stub
app/LocationTest.php,31,1,0,1,1.00,0,0,Stub
app/LogTest.php,31,1,0,1,1.00,0,0,Stub
app/MediaFileTest.php,31,1,0,1,1.00,0,0,Stub
app/MediaTest.php,31,1,0,1,1.00,0,0,Stub
app/MenuTest.php,103,7,0,20,2.86,0,0,Substantial
app/MimeTest.php,31,1,0,1,1.00,0,0,Stub
app/Module/AhnentafelReportModuleTest.php,183,1,1,9,9.00,0,0,Stub
app/Module/AlbumModuleTest.php,32,1,0,1,1.00,0,0,Stub
app/Module/AncestorsChartModuleTest.php,107,4,0,4,1.00,0,0,Substantial
app/Module/AustrianHistoricEventsTest.php,41,1,0,1,1.00,0,0,Stub
app/Module/AustrianPresidentsTest.php,41,1,0,1,1.00,0,0,Stub
app/Module/BingWebmasterToolsModuleTest.php,32,1,0,1,1.00,0,0,Stub
app/Module/BirthDeathMarriageReportModuleTest.php,183,1,1,9,9.00,0,0,Stub
app/Module/BirthReportModuleTest.php,172,1,1,9,9.00,0,0,Stub
app/Module/BranchesListModuleTest.php,32,1,0,1,1.00,0,0,Stub
app/Module/BritishMonarchsTest.php,41,1,0,1,1.00,0,0,Stub
app/Module/BritishPrimeMinistersTest.php,41,1,0,1,1.00,0,0,Stub
app/Module/BritishSocialHistoryTest.php,41,1,0,1,1.00,0,0,Stub
app/Module/CalendarMenuModuleTest.php,32,1,0,1,1.00,0,0,Stub
app/Module/CemeteryReportModuleTest.php,168,1,1,9,9.00,0,0,Stub
app/Module/CensusAssistantModuleTest.php,32,1,0,1,1.00,0,0,Stub
app/Module/ChangeReportModuleTest.php,180,1,1,9,9.00,0,0,Stub
app/Module/ChartsBlockModuleTest.php,32,1,0,1,1.00,0,0,Stub
app/Module/ChartsMenuModuleTest.php,32,1,0,1,1.00,0,0,Stub
app/Module/CheckForNewVersionTest.php,32,1,0,1,1.00,0,0,Stub
app/Module/CkeditorModuleTest.php,32,1,0,1,1.00,0,0,Stub
app/Module/ClippingsCartModuleTest.php,32,1,0,1,1.00,0,0,Stub
app/Module/CloudsThemeTest.php,32,1,0,1,1.00,0,0,Stub
app/Module/ColorsThemeTest.php,32,1,0,1,1.00,0,0,Stub
app/Module/CompactTreeChartModuleTest.php,103,4,0,4,1.00,0,0,Substantial
app/Module/ContactsFooterModuleTest.php,32,1,0,1,1.00,0,0,Stub
app/Module/CustomCssJsModuleTest.php,32,1,0,1,1.00,0,0,Stub
app/Module/CzechMonarchsAndPresidentsTest.php,41,1,0,1,1.00,0,0,Stub
app/Module/DeathReportModuleTest.php,186,1,1,9,9.00,0,0,Stub
app/Module/DescendancyChartModuleTest.php,107,4,0,4,1.00,0,0,Substantial
app/Module/DescendancyModuleTest.php,32,1,0,1,1.00,0,0,Stub
app/Module/DescendancyReportModuleTest.php,163,1,1,9,9.00,0,0,Stub
app/Module/DutchMonarchsTest.php,41,1,0,1,1.00,0,0,Stub
app/Module/DutchPrimeMinistersTest.php,41,1,0,1,1.00,0,0,Stub
app/Module/EsriMapsTest.php,32,1,0,1,1.00,0,0,Stub
app/Module/FabThemeTest.php,32,1,0,1,1.00,0,0,Stub
app/Module/FactSourcesReportModuleTest.php,162,1,1,9,9.00,0,0,Stub
app/Module/FamilyBookChartModuleTest.php,32,1,0,1,1.00,0,0,Stub
app/Module/FamilyGroupReportModuleTest.php,177,1,1,9,9.00,0,0,Stub
app/Module/FamilyListModuleTest.php,59,3,0,3,1.00,0,0,Substantial
app/Module/FamilyNavigatorModuleTest.php,32,1,0,1,1.00,0,0,Stub
app/Module/FamilyTreeFavoritesModuleTest.php,32,1,0,1,1.00,0,0,Stub
app/Module/FamilyTreeNewsModuleTest.php,32,1,0,1,1.00,0,0,Stub
app/Module/FamilyTreeStatisticsModuleTest.php,32,1,0,1,1.00,0,0,Stub
app/Module/FanChartModuleTest.php,109,4,0,4,1.00,0,0,Substantial
app/Module/FixCemeteryTagTest.php,32,1,0,1,1.00,0,0,Stub
app/Module/FixDuplicateLinksTest.php,112,5,0,9,1.80,0,0,Substantial
app/Module/FixMissingDeathsTest.php,32,1,0,1,1.00,0,0,Stub
app/Module/FixNameSlashesAndSpacesTest.php,32,1,0,1,1.00,0,0,Stub
app/Module/FixNameTagsTest.php,32,1,0,1,1.00,0,0,Stub
app/Module/FixPlaceNamesTest.php,32,1,0,1,1.00,0,0,Stub
app/Module/FixPrimaryTagTest.php,32,1,0,1,1.00,0,0,Stub
app/Module/FixSearchAndReplaceTest.php,32,1,0,1,1.00,0,0,Stub
app/Module/FixWtObjeSortTagTest.php,32,1,0,1,1.00,0,0,Stub
app/Module/FrenchHistoryTest.php,41,1,0,1,1.00,0,0,Stub
app/Module/FrequentlyAskedQuestionsModuleTest.php,32,1,0,1,1.00,0,0,Stub
app/Module/GeonamesAutocompleteTest.php,32,1,0,1,1.00,0,0,Stub
app/Module/GoogleAnalyticsModuleTest.php,32,1,0,1,1.00,0,0,Stub
app/Module/GoogleMapsTest.php,32,1,0,1,1.00,0,0,Stub
app/Module/GoogleSearchConsoleTest.php,32,1,0,1,1.00,0,0,Stub
app/Module/HereMapsTest.php,32,1,0,1,1.00,0,0,Stub
app/Module/HitCountFooterModuleTest.php,32,1,0,1,1.00,0,0,Stub
app/Module/HourglassChartModuleTest.php,103,4,0,4,1.00,0,0,Substantial
app/Module/HtmlBlockModuleTest.php,32,1,0,1,1.00,0,0,Stub
app/Module/IndividualFactsTabModuleTest.php,32,1,0,1,1.00,0,0,Stub
app/Module/IndividualFamiliesReportModuleTest.php,232,1,1,9,9.00,0,0,Stub
app/Module/IndividualListModuleTest.php,59,3,0,3,1.00,0,0,Substantial
app/Module/IndividualMetadataModuleTest.php,32,1,0,1,1.00,0,0,Stub
app/Module/IndividualReportModuleTest.php,178,1,1,9,9.00,0,0,Stub
app/Module/InteractiveTreeModuleTest.php,32,1,0,1,1.00,0,0,Stub
app/Module/InteractiveTree/TreeViewTest.php,32,1,0,1,1.00,0,0,Stub
app/Module/LanguageAfrikaansTest.php,32,1,0,1,1.00,0,0,Stub
app/Module/LanguageAlbanianTest.php,32,1,0,1,1.00,0,0,Stub
app/Module/LanguageArabicTest.php,32,1,0,1,1.00,0,0,Stub
app/Module/LanguageArmenianTest.php,32,1,0,1,1.00,0,0,Stub
app/Module/LanguageBosnianTest.php,32,1,0,1,1.00,0,0,Stub
app/Module/LanguageBulgarianTest.php,32,1,0,1,1.00,0,0,Stub
app/Module/LanguageCatalanTest.php,32,1,0,1,1.00,0,0,Stub
app/Module/LanguageChineseSimplifiedTest.php,32,1,0,1,1.00,0,0,Stub
app/Module/LanguageChineseTraditionalTest.php,32,1,0,1,1.00,0,0,Stub
app/Module/LanguageCroatianTest.php,32,1,0,1,1.00,0,0,Stub
app/Module/LanguageCzechTest.php,32,1,0,1,1.00,0,0,Stub
app/Module/LanguageDanishTest.php,32,1,0,1,1.00,0,0,Stub
app/Module/LanguageDivehiTest.php,32,1,0,1,1.00,0,0,Stub
app/Module/LanguageDutchTest.php,32,1,0,1,1.00,0,0,Stub
app/Module/LanguageEnglishAustraliaTest.php,32,1,0,1,1.00,0,0,Stub
app/Module/LanguageEnglishGreatBritainTest.php,32,1,0,1,1.00,0,0,Stub
app/Module/LanguageEnglishUnitedStatesTest.php,32,1,0,1,1.00,0,0,Stub
app/Module/LanguageEstonianTest.php,32,1,0,1,1.00,0,0,Stub
app/Module/LanguageFaroeseTest.php,32,1,0,1,1.00,0,0,Stub
app/Module/LanguageFarsiTest.php,32,1,0,1,1.00,0,0,Stub
app/Module/LanguageFinnishTest.php,32,1,0,1,1.00,0,0,Stub
app/Module/LanguageFrenchCanadaTest.php,32,1,0,1,1.00,0,0,Stub
app/Module/LanguageFrenchTest.php,32,1,0,1,1.00,0,0,Stub
app/Module/LanguageGalicianTest.php,32,1,0,1,1.00,0,0,Stub
app/Module/LanguageGeorgianTest.php,32,1,0,1,1.00,0,0,Stub
app/Module/LanguageGermanTest.php,32,1,0,1,1.00,0,0,Stub
app/Module/LanguageGreekTest.php,32,1,0,1,1.00,0,0,Stub
app/Module/LanguageHebrewTest.php,32,1,0,1,1.00,0,0,Stub
app/Module/LanguageHindiTest.php,32,1,0,1,1.00,0,0,Stub
app/Module/LanguageHungarianTest.php,32,1,0,1,1.00,0,0,Stub
app/Module/LanguageIcelandicTest.php,32,1,0,1,1.00,0,0,Stub
app/Module/LanguageIndonesianTest.php,32,1,0,1,1.00,0,0,Stub
app/Module/LanguageItalianTest.php,32,1,0,1,1.00,0,0,Stub
app/Module/LanguageJapaneseTest.php,32,1,0,1,1.00,0,0,Stub
app/Module/LanguageJavaneseTest.php,32,1,0,1,1.00,0,0,Stub
app/Module/LanguageKazhakTest.php,32,1,0,1,1.00,0,0,Stub
app/Module/LanguageKoreanTest.php,32,1,0,1,1.00,0,0,Stub
app/Module/LanguageKurdishTest.php,32,1,0,1,1.00,0,0,Stub
app/Module/LanguageLatvianTest.php,32,1,0,1,1.00,0,0,Stub
app/Module/LanguageLingalaTest.php,32,1,0,1,1.00,0,0,Stub
app/Module/LanguageLithuanianTest.php,32,1,0,1,1.00,0,0,Stub
app/Module/LanguageMalayTest.php,32,1,0,1,1.00,0,0,Stub
app/Module/LanguageMaoriTest.php,32,1,0,1,1.00,0,0,Stub
app/Module/LanguageMarathiTest.php,32,1,0,1,1.00,0,0,Stub
app/Module/LanguageNepaleseTest.php,32,1,0,1,1.00,0,0,Stub
app/Module/LanguageNorwegianBokmalTest.php,32,1,0,1,1.00,0,0,Stub
app/Module/LanguageNorwegianNynorskTest.php,32,1,0,1,1.00,0,0,Stub
app/Module/LanguageOccitanTest.php,32,1,0,1,1.00,0,0,Stub
app/Module/LanguagePolishTest.php,32,1,0,1,1.00,0,0,Stub
app/Module/LanguagePortugueseBrazilTest.php,32,1,0,1,1.00,0,0,Stub
app/Module/LanguagePortugueseTest.php,32,1,0,1,1.00,0,0,Stub
app/Module/LanguageRomanianTest.php,32,1,0,1,1.00,0,0,Stub
app/Module/LanguageRussianTest.php,32,1,0,1,1.00,0,0,Stub
app/Module/LanguageSerbianLatinTest.php,32,1,0,1,1.00,0,0,Stub
app/Module/LanguageSerbianTest.php,32,1,0,1,1.00,0,0,Stub
app/Module/LanguageSlovakianTest.php,32,1,0,1,1.00,0,0,Stub
app/Module/LanguageSlovenianTest.php,32,1,0,1,1.00,0,0,Stub
app/Module/LanguageSpanishTest.php,32,1,0,1,1.00,0,0,Stub
app/Module/LanguageSundaneseTest.php,32,1,0,1,1.00,0,0,Stub
app/Module/LanguageSwahiliTest.php,32,1,0,1,1.00,0,0,Stub
app/Module/LanguageSwedishTest.php,32,1,0,1,1.00,0,0,Stub
app/Module/LanguageTagalogTest.php,32,1,0,1,1.00,0,0,Stub
app/Module/LanguageTamilTest.php,32,1,0,1,1.00,0,0,Stub
app/Module/LanguageTatarTest.php,32,1,0,1,1.00,0,0,Stub
app/Module/LanguageThaiTest.php,32,1,0,1,1.00,0,0,Stub
app/Module/LanguageTurkishTest.php,32,1,0,1,1.00,0,0,Stub
app/Module/LanguageUkranianTest.php,32,1,0,1,1.00,0,0,Stub
app/Module/LanguageUrduTest.php,32,1,0,1,1.00,0,0,Stub
app/Module/LanguageVietnameseTest.php,32,1,0,1,1.00,0,0,Stub
app/Module/LanguageWelshTest.php,32,1,0,1,1.00,0,0,Stub
app/Module/LanguageYiddishTest.php,32,1,0,1,1.00,0,0,Stub
app/Module/LifespansChartModuleTest.php,32,1,0,1,1.00,0,0,Stub
app/Module/ListsMenuModuleTest.php,32,1,0,1,1.00,0,0,Stub
app/Module/LocationListModuleTest.php,32,1,0,1,1.00,0,0,Stub
app/Module/LoggedInUsersModuleTest.php,32,1,0,1,1.00,0,0,Stub
app/Module/LoginBlockModuleTest.php,32,1,0,1,1.00,0,0,Stub
app/Module/LowCountriesRulersTest.php,41,1,0,1,1.00,0,0,Stub
app/Module/MapBoxTest.php,32,1,0,1,1.00,0,0,Stub
app/Module/MapGeoLocationGeonamesTest.php,32,1,0,1,1.00,0,0,Stub
app/Module/MapGeoLocationNominatimTest.php,32,1,0,1,1.00,0,0,Stub
app/Module/MapGeoLocationOpenRouteServiceTest.php,32,1,0,1,1.00,0,0,Stub
app/Module/MapLinkBingTest.php,61,2,0,2,1.00,0,0,Smoke
app/Module/MapLinkGoogleTest.php,61,2,0,2,1.00,0,0,Smoke
app/Module/MapLinkOpenStreetMapTest.php,61,2,0,2,1.00,0,0,Smoke
app/Module/MarriageReportModuleTest.php,170,1,1,9,9.00,0,0,Stub
app/Module/MatomoAnalyticsModuleTest.php,32,1,0,1,1.00,0,0,Stub
app/Module/MediaListModuleTest.php,62,3,0,3,1.00,0,0,Substantial
app/Module/MediaTabModuleTest.php,32,1,0,1,1.00,0,0,Stub
app/Module/MinimalThemeTest.php,32,1,0,1,1.00,0,0,Stub
app/Module/MissingFactsReportModuleTest.php,301,1,1,9,9.00,0,0,Stub
app/Module/NewZealandPrimeMinistersTest.php,41,1,0,1,1.00,0,0,Stub
app/Module/NoteListModuleTest.php,59,3,0,3,1.00,0,0,Substantial
app/Module/NotesTabModuleTest.php,32,1,0,1,1.00,0,0,Stub
app/Module/OccupationReportModuleTest.php,155,1,1,9,9.00,0,0,Stub
app/Module/OnThisDayModuleTest.php,32,1,0,1,1.00,0,0,Stub
app/Module/OpenRouteServiceAutocompleteTest.php,32,1,0,1,1.00,0,0,Stub
app/Module/OpenStreetMapTest.php,32,1,0,1,1.00,0,0,Stub
app/Module/PedigreeChartModuleTest.php,110,4,0,4,1.00,0,0,Substantial
app/Module/PedigreeMapModuleTest.php,32,1,0,1,1.00,0,0,Stub
app/Module/PedigreeReportModuleTest.php,160,1,1,9,9.00,0,0,Stub
app/Module/PlaceHierarchyListModuleTest.php,32,1,0,1,1.00,0,0,Stub
app/Module/PlacesModuleTest.php,32,1,0,1,1.00,0,0,Stub
app/Module/PoweredByWebtreesModuleTest.php,32,1,0,1,1.00,0,0,Stub
app/Module/PrivacyPolicyTest.php,32,1,0,1,1.00,0,0,Stub
app/Module/RecentChangesModuleTest.php,32,1,0,1,1.00,0,0,Stub
app/Module/RedirectLegacyUrlsModuleTest.php,32,1,0,1,1.00,0,0,Stub
app/Module/RelatedIndividualsReportModuleTest.php,184,1,1,9,9.00,0,0,Stub
app/Module/RelationshipsChartModuleTest.php,32,1,0,1,1.00,0,0,Stub
app/Module/RelativesTabModuleTest.php,32,1,0,1,1.00,0,0,Stub
app/Module/ReportsMenuModuleTest.php,32,1,0,1,1.00,0,0,Stub
app/Module/RepositoryListModuleTest.php,85,4,0,4,1.00,0,0,Substantial
app/Module/ResearchTaskModuleTest.php,32,1,0,1,1.00,0,0,Stub
app/Module/ReviewChangesModuleTest.php,32,1,0,1,1.00,0,0,Stub
app/Module/SearchMenuModuleTest.php,32,1,0,1,1.00,0,0,Stub
app/Module/ShareAnniversaryModuleTest.php,32,1,0,1,1.00,0,0,Stub
app/Module/ShareUrlModuleTest.php,32,1,0,1,1.00,0,0,Stub
app/Module/SiteMapModuleTest.php,32,1,0,1,1.00,0,0,Stub
app/Module/SlideShowModuleTest.php,32,1,0,1,1.00,0,0,Stub
app/Module/SourceListModuleTest.php,85,4,0,4,1.00,0,0,Substantial
app/Module/SourcesTabModuleTest.php,32,1,0,1,1.00,0,0,Stub
app/Module/StatcounterModuleTest.php,32,1,0,1,1.00,0,0,Stub
app/Module/StatisticsChartModuleTest.php,225,3,2,14,4.67,0,0,Substantial
app/Module/StoriesModuleTest.php,32,1,0,1,1.00,0,0,Stub
app/Module/SubmitterListModuleTest.php,85,4,0,4,1.00,0,0,Substantial
app/Module/ThemeSelectModuleTest.php,32,1,0,1,1.00,0,0,Stub
app/Module/TimelineChartModuleTest.php,32,1,0,1,1.00,0,0,Stub
app/Module/TopGivenNamesModuleTest.php,32,1,0,1,1.00,0,0,Stub
app/Module/TopPageViewsModuleTest.php,32,1,0,1,1.00,0,0,Stub
app/Module/TopSurnamesModuleTest.php,32,1,0,1,1.00,0,0,Stub
app/Module/TreesMenuModuleTest.php,32,1,0,1,1.00,0,0,Stub
app/Module/UpcomingAnniversariesModuleTest.php,39,1,0,3,3.00,0,0,Stub
app/Module/UserFavoritesModuleTest.php,32,1,0,1,1.00,0,0,Stub
app/Module/UserJournalModuleTest.php,32,1,0,1,1.00,0,0,Stub
app/Module/UserMessagesModuleTest.php,32,1,0,1,1.00,0,0,Stub
app/Module/UserWelcomeModuleTest.php,32,1,0,1,1.00,0,0,Stub
app/Module/USPresidentsTest.php,41,1,0,1,1.00,0,0,Stub
app/Module/WebtreesThemeTest.php,32,1,0,1,1.00,0,0,Stub
app/Module/WelcomeBlockModuleTest.php,32,1,0,1,1.00,0,0,Stub
app/Module/XeneaThemeTest.php,32,1,0,1,1.00,0,0,Stub
app/Module/YahrzeitModuleTest.php,32,1,0,1,1.00,0,0,Stub
app/NoReplyUserTest.php,52,2,0,8,4.00,0,0,Smoke
app/NoteTest.php,50,3,0,3,1.00,0,0,Substantial
app/PlaceLocationTest.php,31,1,0,1,1.00,0,0,Stub
app/PlaceTest.php,31,1,0,1,1.00,0,0,Stub
app/RegistryTest.php,31,1,0,1,1.00,0,0,Stub
app/RelationshipTest.php,31,1,0,1,1.00,0,0,Stub
app/Report/HtmlRendererTest.php,32,1,0,1,1.00,0,0,Stub
app/Report/PdfRendererTest.php,32,1,0,1,1.00,0,0,Stub
app/Report/ReportBaseCellTest.php,32,1,0,1,1.00,0,0,Stub
app/Report/ReportBaseElementTest.php,32,1,0,1,1.00,0,0,Stub
app/Report/ReportBaseFootnoteTest.php,32,1,0,1,1.00,0,0,Stub
app/Report/ReportBaseImageTest.php,32,1,0,1,1.00,0,0,Stub
app/Report/ReportBaseLineTest.php,32,1,0,1,1.00,0,0,Stub
app/Report/ReportBaseTextboxTest.php,32,1,0,1,1.00,0,0,Stub
app/Report/ReportBaseTextTest.php,32,1,0,1,1.00,0,0,Stub
app/Report/ReportExpressionLanguageProviderTest.php,32,1,0,1,1.00,0,0,Stub
app/Report/ReportHtmlCellTest.php,32,1,0,1,1.00,0,0,Stub
app/Report/ReportHtmlFootnoteTest.php,32,1,0,1,1.00,0,0,Stub
app/Report/ReportHtmlImageTest.php,32,1,0,1,1.00,0,0,Stub
app/Report/ReportHtmlLineTest.php,32,1,0,1,1.00,0,0,Stub
app/Report/ReportHtmlTextboxTest.php,32,1,0,1,1.00,0,0,Stub
app/Report/ReportHtmlTextTest.php,32,1,0,1,1.00,0,0,Stub
app/Report/ReportParserBaseTest.php,32,1,0,1,1.00,0,0,Stub
app/Report/ReportParserGenerateTest.php,32,1,0,1,1.00,0,0,Stub
app/Report/ReportParserSetupTest.php,32,1,0,1,1.00,0,0,Stub
app/Report/ReportPdfCellTest.php,32,1,0,1,1.00,0,0,Stub
app/Report/ReportPdfFootnoteTest.php,32,1,0,1,1.00,0,0,Stub
app/Report/ReportPdfImageTest.php,32,1,0,1,1.00,0,0,Stub
app/Report/ReportPdfLineTest.php,32,1,0,1,1.00,0,0,Stub
app/Report/ReportPdfTextBoxTest.php,32,1,0,1,1.00,0,0,Stub
app/Report/ReportPdfTextTest.php,32,1,0,1,1.00,0,0,Stub
app/Report/RightToLeftSupportTest.php,32,1,0,1,1.00,0,0,Stub
app/Reports/RightToLeftSupportTest.php,367,10,0,66,6.60,0,0,EP-complete
app/Report/TcpdfWrapperTest.php,32,1,0,1,1.00,0,0,Stub
app/RepositoryTest.php,31,1,0,1,1.00,0,0,Stub
app/Schema/Migration0Test.php,32,1,0,1,1.00,0,0,Stub
app/Schema/Migration10Test.php,32,1,0,1,1.00,0,0,Stub
app/Schema/Migration11Test.php,32,1,0,1,1.00,0,0,Stub
app/Schema/Migration12Test.php,32,1,0,1,1.00,0,0,Stub
app/Schema/Migration13Test.php,32,1,0,1,1.00,0,0,Stub
app/Schema/Migration14Test.php,32,1,0,1,1.00,0,0,Stub
app/Schema/Migration15Test.php,32,1,0,1,1.00,0,0,Stub
app/Schema/Migration16Test.php,32,1,0,1,1.00,0,0,Stub
app/Schema/Migration17Test.php,32,1,0,1,1.00,0,0,Stub
app/Schema/Migration18Test.php,32,1,0,1,1.00,0,0,Stub
app/Schema/Migration19Test.php,32,1,0,1,1.00,0,0,Stub
app/Schema/Migration1Test.php,32,1,0,1,1.00,0,0,Stub
app/Schema/Migration20Test.php,32,1,0,1,1.00,0,0,Stub
app/Schema/Migration21Test.php,32,1,0,1,1.00,0,0,Stub
app/Schema/Migration22Test.php,32,1,0,1,1.00,0,0,Stub
app/Schema/Migration23Test.php,32,1,0,1,1.00,0,0,Stub
app/Schema/Migration24Test.php,32,1,0,1,1.00,0,0,Stub
app/Schema/Migration25Test.php,32,1,0,1,1.00,0,0,Stub
app/Schema/Migration26Test.php,32,1,0,1,1.00,0,0,Stub
app/Schema/Migration27Test.php,32,1,0,1,1.00,0,0,Stub
app/Schema/Migration28Test.php,32,1,0,1,1.00,0,0,Stub
app/Schema/Migration29Test.php,32,1,0,1,1.00,0,0,Stub
app/Schema/Migration2Test.php,32,1,0,1,1.00,0,0,Stub
app/Schema/Migration30Test.php,32,1,0,1,1.00,0,0,Stub
app/Schema/Migration31Test.php,32,1,0,1,1.00,0,0,Stub
app/Schema/Migration32Test.php,32,1,0,1,1.00,0,0,Stub
app/Schema/Migration33Test.php,32,1,0,1,1.00,0,0,Stub
app/Schema/Migration34Test.php,32,1,0,1,1.00,0,0,Stub
app/Schema/Migration35Test.php,32,1,0,1,1.00,0,0,Stub
app/Schema/Migration36Test.php,32,1,0,1,1.00,0,0,Stub
app/Schema/Migration37Test.php,32,1,0,1,1.00,0,0,Stub
app/Schema/Migration38Test.php,32,1,0,1,1.00,0,0,Stub
app/Schema/Migration39Test.php,32,1,0,1,1.00,0,0,Stub
app/Schema/Migration3Test.php,32,1,0,1,1.00,0,0,Stub
app/Schema/Migration40Test.php,32,1,0,1,1.00,0,0,Stub
app/Schema/Migration41Test.php,32,1,0,1,1.00,0,0,Stub
app/Schema/Migration42Test.php,32,1,0,1,1.00,0,0,Stub
app/Schema/Migration43Test.php,32,1,0,1,1.00,0,0,Stub
app/Schema/Migration44Test.php,32,1,0,1,1.00,0,0,Stub
app/Schema/Migration4Test.php,32,1,0,1,1.00,0,0,Stub
app/Schema/Migration5Test.php,32,1,0,1,1.00,0,0,Stub
app/Schema/Migration6Test.php,32,1,0,1,1.00,0,0,Stub
app/Schema/Migration7Test.php,32,1,0,1,1.00,0,0,Stub
app/Schema/Migration8Test.php,32,1,0,1,1.00,0,0,Stub
app/Schema/Migration9Test.php,32,1,0,1,1.00,0,0,Stub
app/Schema/SeedDefaultResnTableTest.php,32,1,0,1,1.00,0,0,Stub
app/Schema/SeedGedcomTableTest.php,32,1,0,1,1.00,0,0,Stub
app/Schema/SeedUserTableTest.php,32,1,0,1,1.00,0,0,Stub
app/Services/AdminServiceTest.php,32,1,0,1,1.00,0,0,Stub
app/Services/CalendarServiceTest.php,32,1,0,1,1.00,0,0,Stub
app/Services/CaptchaServiceTest.php,32,1,0,1,1.00,0,0,Stub
app/Services/ChartServiceTest.php,32,1,0,1,1.00,0,0,Stub
app/Services/ClipboardServiceTest.php,32,1,0,1,1.00,0,0,Stub
app/Services/DataFixServiceTest.php,32,1,0,1,1.00,0,0,Stub
app/Services/DatatablesServiceTest.php,32,1,0,1,1.00,0,0,Stub
app/Services/EmailServiceTest.php,128,4,1,7,1.75,0,0,Substantial
app/Services/GedcomEditServiceTest.php,181,3,2,13,4.33,0,0,Substantial
app/Services/GedcomExportServiceTest.php,100,4,0,9,2.25,0,0,Substantial
app/Services/GedcomImportServiceTest.php,32,1,0,1,1.00,0,0,Stub
app/Services/GedcomServiceTest.php,74,5,0,18,3.60,0,0,Substantial
app/Services/HomePageServiceTest.php,32,1,0,1,1.00,0,0,Stub
app/Services/HousekeepingServiceTest.php,32,1,0,1,1.00,0,0,Stub
app/Services/HtmlServiceTest.php,47,2,0,2,1.00,0,0,Smoke
app/Services/IndividualFactsServiceTest.php,32,1,0,1,1.00,0,0,Stub
app/Services/LeafletJsServiceTest.php,32,1,0,1,1.00,0,0,Stub
app/Services/LinkedRecordServiceTest.php,32,1,0,1,1.00,0,0,Stub
app/Services/MaintenanceModeServiceTest.php,115,6,0,17,2.83,0,0,Substantial
app/Services/MapDataServiceTest.php,32,1,0,1,1.00,0,0,Stub
app/Services/MediaFileServiceTest.php,73,4,0,16,4.00,0,0,Substantial
app/Services/MessageServiceTest.php,32,1,0,1,1.00,0,0,Stub
app/Services/MigrationServiceTest.php,32,1,0,1,1.00,0,0,Stub
app/Services/ModuleServiceTest.php,105,5,0,21,4.20,0,0,Substantial
app/Services/PendingChangesServiceTest.php,32,1,0,1,1.00,0,0,Stub
app/Services/PhpServiceTest.php,81,4,0,10,2.50,0,0,Substantial
app/Services/RateLimitServiceTest.php,92,4,0,6,1.50,0,0,Substantial
app/Services/RelationshipServiceTest.php,32,1,0,1,1.00,0,0,Stub
app/Services/RomanNumeralsServiceTest.php,70,4,0,19,4.75,0,0,Substantial
app/Services/SearchServiceTest.php,75,1,0,11,11.00,0,0,Stub
app/Services/ServerCheckServiceTest.php,32,1,0,1,1.00,0,0,Stub
app/Services/SiteLogsServiceTest.php,32,1,0,1,1.00,0,0,Stub
app/Services/TimeoutServiceTest.php,99,5,0,5,1.00,0,0,Substantial
app/Services/TreeServiceTest.php,32,1,0,1,1.00,0,0,Stub
app/Services/UpgradeServiceTest.php,32,1,0,1,1.00,0,0,Stub
app/Services/UserServiceTest.php,223,13,0,30,2.31,0,0,EP-complete
app/SessionDatabaseHandlerTest.php,31,1,0,1,1.00,0,0,Stub
app/SessionTest.php,31,1,0,1,1.00,0,0,Stub
app/SharedNoteTest.php,31,1,0,1,1.00,0,0,Stub
app/SiteTest.php,53,3,0,4,1.33,0,0,Substantial
app/SiteUserTest.php,54,2,0,8,4.00,0,0,Smoke
app/SoundexTest.php,31,1,0,1,1.00,0,0,Stub
app/SourceTest.php,31,1,0,1,1.00,0,0,Stub
app/StatisticsTest.php,31,1,0,1,1.00,0,0,Stub
app/SubmissionTest.php,31,1,0,1,1.00,0,0,Stub
app/SubmitterTest.php,31,1,0,1,1.00,0,0,Stub
app/SurnameTradition/DefaultSurnameTraditionTest.php,122,4,0,10,2.50,0,0,Substantial
app/SurnameTradition/IcelandicSurnameTraditionTest.php,170,8,0,10,1.25,0,0,Substantial
app/SurnameTradition/LithuanianSurnameTraditionTest.php,319,13,0,21,1.62,0,0,Substantial
app/SurnameTradition/MatrilinealSurnameTraditionTest.php,150,6,0,12,2.00,0,0,Substantial
app/SurnameTradition/PaternalSurnameTraditionTest.php,252,13,0,15,1.15,0,0,Substantial
app/SurnameTradition/PatrilinealSurnameTraditionTest.php,150,6,0,12,2.00,0,0,Substantial
app/SurnameTradition/PolishSurnameTraditionTest.php,297,11,0,19,1.73,0,0,Substantial
app/SurnameTradition/PortugueseSurnameTraditionTest.php,149,6,0,12,2.00,0,0,Substantial
app/SurnameTradition/SpanishSurnameTraditionTest.php,150,6,0,12,2.00,0,0,Substantial
app/TimestampTest.php,284,19,0,116,6.11,0,0,EP-complete
app/TreeTest.php,320,15,0,36,2.40,0,0,EP-complete
app/TreeUserTest.php,60,2,0,8,4.00,0,0,Smoke
app/UserTest.php,84,3,0,15,5.00,0,0,Substantial
app/ValidatorTest.php,391,24,0,52,2.17,0,0,EP-complete
app/ViewTest.php,31,1,0,1,1.00,0,0,Stub
app/WebtreesTest.php,40,1,0,2,2.00,0,0,Stub
feature/EmbeddedVariablesTest.php,483,2,0,4,2.00,0,0,Smoke
feature/ImportGedcomTest.php,36,1,0,1,1.00,0,0,Stub
feature/IndividualListTest.php,209,2,0,19,9.50,0,0,Smoke
feature/Privacy.php,156,1,0,55,55.00,0,0,Stub
feature/RelationshipNamesTest.php,400,1,0,147,147.00,0,0,Stub
